,Route,*,2018.0,2019.0,2020.0,2021.0,2022.0,2023.0,,2022-2023 Change,,2023 Rank
1,,,,,,,,,,,,
2,B1,,18180.0,18838.1155,9918.0,9696.1834,11741.4416,11628.0,,-113.44160000000011,-0.00966164154834276,17
3,B2,,2088.0,2173.5107,969.0,1068.9096,1416.3943,1557.0,,140.60570000000007,0.09927016791863684,160
4,B3,,11309.0,11553.7325,7062.0,7163.3304,7963.8109,7979.0,,15.189099999999598,0.0019072652767282052,42
5,B4,,6192.0,6069.2833,2159.0,3261.7064,4175.949,4588.0,,412.0510000000004,0.09867242152622085,97
6,B6,,35963.0,34061.8419,20631.0,19025.8037,20242.2717,19045.0,,-1197.2717000000011,-0.0591471015577763,3
7,B7,,5091.0,4919.9199,3030.0,2952.5135,3128.633,3004.0,,-124.63299999999981,-0.039836247971558124,126
8,B8,,18388.0,18036.1702,6767.0,10458.1402,11531.5905,11549.0,,17.409499999999753,0.001509722357900218,18
9,B9,,14416.0,13857.4741,4928.0,7794.57,8998.3479,9152.0,,153.65209999999934,0.017075590064705024,29
10,B11,,10377.0,10488.1146,4146.0,6418.1815,7083.4689,7277.0,,193.53110000000015,0.027321514745409576,52
11,B12,,12124.0,11542.1638,7956.0,7138.2612,7088.5487,6222.0,,-866.5487000000003,-0.12224627870582314,65
12,B13,,6084.0,6258.7074,4220.0,3979.4965,4360.4218,4525.0,,164.57819999999992,0.037743642140308516,99
13,B14,,5900.0,5442.0778,3601.0,3115.4259,3155.1326,2875.0,,-280.1325999999999,-0.08878631598557853,131
14,B15,,17977.0,16510.2057,11388.0,10073.914,10126.9089,8630.0,,-1496.9089000000004,-0.1478149862689098,35
15,B16,,6184.0,6149.5993,2154.0,3155.3344,4127.0384,3887.0,,-240.03840000000037,-0.05816238588911611,108
16,B17,,9382.0,9527.1436,6154.0,5509.965,5742.8588,5419.0,,-323.8588,-0.056393307110388986,78
17,B20,,6315.0,6007.9654,3917.0,3591.2121,3744.4634,3573.0,,-171.4634000000001,-0.045791180653548404,114
18,B24,,2449.0,2563.2069,1709.0,1508.5891,1771.0628,1783.0,,11.937200000000075,0.006740133664373774,152
19,B25,,7874.0,7630.503,5256.0,4534.4995,4805.5594,4543.0,,-262.5594000000001,-0.054636594441013486,98
20,B26,,8234.0,8037.9999,5081.0,4619.1721,5222.7955,5358.0,,135.20449999999983,0.025887381575633167,79
21,B31,,2619.0,2671.4256,1260.0,1354.8407,1808.5568,1965.0,,156.44319999999993,0.0865016791289054,147
22,B32,,820.0,903.5359,470.0,452.4073,587.5624,705.0,,117.43759999999997,0.1998725582167953,178
23,B35,,27273.0,24886.5272,17811.0,14820.6881,15367.7765,14171.0,,-1196.7765,-0.0778757096057455,11
24,B36,,12305.0,11794.8637,7401.0,7289.2479,7971.7616,7797.0,,-174.76159999999982,-0.02192258233111234,44
25,B37,,2300.0,2195.9502,835.0,1292.753,1571.055,1649.0,,77.94499999999994,0.04961315803711514,158
26,B38,,18011.0,16659.9457,6054.0,8911.3633,10275.4272,10583.0,,307.5727999999999,0.029932847950107602,22
27,B39,,220.0,218.0108,287.0,152.5435,166.1114,154.0,,-12.111400000000003,-0.07291131132480975,188
28,B41,,22967.0,22552.6253,15934.0,13852.8084,14833.6029,14595.0,,-238.60289999999986,-0.01608529644541043,9
29,B42,,3546.0,3009.8964,1839.0,1636.5926,1572.5769,1301.0,,-271.5769,-0.17269546563986793,165
30,B43,,9346.0,9196.3472,3292.0,4892.4961,5460.542,5439.0,,-21.54200000000037,-0.0039450296325896535,75
31,B44Lcl/SBS,,32334.0,31374.938,20445.0,18017.507599999997,17966.3401,17121.0,,-845.3401000000013,-0.04705132460450313,7
32,B45,,4973.0,4845.8969,3315.0,2790.4642,3092.5599,2932.0,,-160.5599000000002,-0.051918121294918226,129
33,B46Lcl/SBS,,38120.0,36374.6942,22696.0,19205.5134,18833.180099999998,17091.0,,-1742.1800999999978,-0.09250589070722039,8
34,B47,,9252.0,9016.6131,5821.0,5455.4055,5401.2535,5116.0,,-285.2534999999998,-0.05281246288477292,87
35,B48,,3534.0,3405.7184,2100.0,1811.5472,1962.3238,2030.0,,67.67620000000011,0.03448778432998678,146
36,B49,,10886.0,10653.2176,7427.0,6148.8497,7333.0164,7377.0,,43.98359999999957,0.00599802286000609,49
37,B52,,9940.0,9317.4069,5854.0,5639.9607,6227.2711,6228.0,,0.7289000000000669,0.00011704966562320805,64
38,B54,,9197.0,8589.545,5308.0,4849.1746,5107.2584,4950.0,,-157.2583999999997,-0.03079115793318774,89
39,B57,,6851.0,6837.173,4487.0,4383.7912,4998.0147,5118.0,,119.98530000000028,0.024006592057442384,86
40,B60,1,8364.0,8165.5776,5283.0,4497.3068,4875.5567,3447.0,,-1428.5567,-0.29300381226209515,118
41,B61,,8876.0,8437.546,3088.0,5010.3181,5734.7073,5883.0,,148.29269999999997,0.025858808870681153,69
42,B62,,6841.0,6761.8329,4007.0,3802.8185,4540.3407,4744.0,,203.65930000000026,0.04485551051268031,93
43,B63,,11148.0,11085.3034,4079.0,6349.9216,7464.3988,7963.0,,498.60120000000006,0.06679723489586328,43
44,B64,,5442.0,5471.5604,3299.0,3064.3382,3536.0039,3569.0,,32.99609999999984,0.009331465952285812,115
45,B65,,2795.0,3176.3258,2057.0,1850.0618,2126.7801,2106.0,,-20.780099999999948,-0.009770685742263597,142
46,B67,,4441.0,4617.8127,1527.0,2169.9623,2881.9924,3136.0,,254.0075999999999,0.08813611028259474,122
47,B68,,12660.0,12179.5584,4726.0,7684.6658,8638.2662,8806.0,,167.73379999999997,0.01941753080033583,31
48,B69,,4134.0,4323.4811,1398.0,1970.2888,2570.5501,2797.0,,226.44990000000007,0.0880939453387818,132
49,B70,,6520.0,7065.1656,2230.0,3422.8556,4548.018,4776.0,,227.98199999999997,0.05012776994286302,91
50,B74,,3598.0,3330.0649,2074.0,1834.0193,1973.3278,1892.0,,-81.32780000000002,-0.04121352772712168,150
51,B82Lcl/SBS,2,25126.0,26775.369,17012.0,16916.5966,18409.478499999997,18080.0,,-329.47849999999744,-0.0178972207170343,5
52,B83,,7024.0,6630.9859,4112.0,3805.4692,3924.7552,3513.0,,-411.75520000000006,-0.10491232676116972,117
53,B84,,544.0,514.3889,274.0,248.6113,323.6338,316.0,,-7.633800000000008,-0.023587771116613924,184
54,B OTHER,,683.0,2428.4031999999997,802.0,2901.121,3775.1627,4441.0,,,,
55,Brooklyn Local,,537217.0,525135.4423999999,299650.0,303551.51839999994,332285.861,324385.0,,-7900.860999999975,-0.02377730119549076,
56,,,,,,,,,,,,
57,Bx1/2,,30134.0,27558.5515,16429.0,15720.5776,15217.0328,13117.0,,-2100.032800000001,-0.13800540667823236,15
58,Bx3,,12538.0,11252.0237,7882.0,6704.9727,6665.3223,5978.0,,-687.3222999999998,-0.10311913949007384,67
59,Bx4,,9043.0,8369.7537,5321.0,4736.3975,4683.0151,4415.0,,-268.0150999999996,-0.057231312365403145,102
60,Bx5,,9133.0,8954.6334,4217.0,4660.521,4254.2044,3542.0,,-712.2043999999996,-0.16741189022323413,116
61,Bx6Lcl/SBS,,22824.0,21699.3668,14177.0,11259.114000000001,10489.848399999999,8659.0,,-1830.848399999999,-0.17453525829791774,33
62,Bx7,,13257.0,13418.1683,8501.0,8217.3518,8499.3779,8709.0,,209.6221000000005,0.024663228587588806,32
63,Bx8,,6356.0,6248.3975,3126.0,3731.4253,3817.7052,3317.0,,-500.7051999999999,-0.13115344788801395,120
64,Bx9,,23180.0,21839.7011,13060.0,13295.9182,12544.5596,10746.0,,-1798.5596000000005,-0.14337367411447433,21
65,Bx10,,10358.0,9936.9103,5618.0,5861.4455,6349.5445,6198.0,,-151.54449999999997,-0.023866987624072872,66
66,Bx11,,11536.0,10637.597,6487.0,6005.4891,6023.681,5439.0,,-584.6809999999996,-0.09706373893305432,75
67,Bx12Lcl/SBS,,42377.0,40259.562,23937.0,21856.9463,20666.0073,18388.0,,-2278.007300000001,-0.11022967653747034,4
68,Bx13,,10217.0,9754.2109,6457.0,5625.0079,5596.5517,4760.0,,-836.5517,-0.14947627482830186,92
69,Bx15,,21777.0,20579.2261,12286.0,10158.6118,7180.7007,3915.0,,-3265.7007000000003,-0.45478858351525503,107
70,Bx16,,7026.0,6980.9977,3976.0,3825.9045,3671.9942,3744.0,,72.00579999999991,0.019609453631489915,113
71,Bx17,,8187.0,7316.2632,4287.0,4292.9179,3854.7099,3090.0,,-764.7098999999998,-0.19838325576718494,123
72,Bx18,1,1580.0,1420.1756,877.0,749.3412,1064.7857,969.0,,-95.7856999999999,-0.0899577257658512,172
73,Bx19,,23259.0,21474.65,16463.0,12762.5093,11466.4813,9524.0,,-1942.4812999999995,-0.16940517750637238,25
74,Bx20,,813.0,868.2558,351.0,367.0363,433.222,396.0,,-37.22199999999998,-0.08591899765016546,182
75,Bx21,,12097.0,11467.8451,7104.0,6631.9089,6250.4483,5242.0,,-1008.4483,-0.16134015539333396,82
76,Bx22,,12391.0,11627.5957,5995.0,6482.783,6260.3261,5333.0,,-927.3261000000002,-0.14812744339308462,81
77,Bx24,,771.0,804.4977,500.0,432.0229,474.1342,507.0,,32.86579999999998,0.06931750546575205,180
78,Bx25,3,,,,,897.5559,1712.0,,,,156
79,Bx26,,6743.0,6728.2289,4089.0,3824.4962,2915.7124,1832.0,,-1083.7124,-0.371680142389901,151
80,Bx27,,6145.0,5916.5456,3107.0,3126.3577,2936.7875,2394.0,,-542.7874999999999,-0.18482355294688496,139
81,Bx28/38,,13124.0,12293.8422,7839.0,7117.6772,7423.0049,7124.0,,-299.0048999999999,-0.04028084367827912,54
82,Bx29,,2254.0,2206.5176,1332.0,1282.0373,996.4599,789.0,,-207.45989999999995,-0.20819693798014346,176
83,Bx30,,7973.0,7754.1179,5058.0,4323.5738,3343.0006,2706.0,,-637.0005999999998,-0.19054755778386634,135
84,Bx31,,8295.0,8114.1943,4248.0,4891.6054,4686.6172,4018.0,,-668.6171999999997,-0.14266520423302329,105
85,Bx32,,5746.0,5413.974,3437.0,3123.5525,2824.0984,2453.0,,-371.09839999999986,-0.13140420319631918,138
86,Bx33,,2318.0,2133.645,1010.0,1148.797,1139.0095,1057.0,,-82.00949999999989,-0.07200071641193502,168
87,Bx34,,3408.0,3324.6823,1949.0,1821.3074,1817.1859,1904.0,,86.81410000000005,0.04777392340541496,149
88,Bx35,,14326.0,12680.6505,7847.0,6950.0331,6609.3893,5432.0,,-1177.3892999999998,-0.17813889401249217,77
89,Bx36,,24736.0,21874.9896,14492.0,12044.3039,11158.3291,9253.0,,-1905.3291000000008,-0.17075397964378025,28
90,Bx39,,13247.0,12334.0102,9847.0,7786.6467,6835.2742,5625.0,,-1210.2741999999998,-0.177063006484802,73
91,Bx40/42,,19995.0,18835.0544,12781.0,10399.420699999999,9483.0893,7711.0,,-1772.0892999999996,-0.18686835523103212,46
92,Bx41Lcl/SBS,,18313.0,17699.2359,11736.0,9973.2525,8369.206600000001,6939.0,,-1430.2066000000013,-0.17088914975524694,56
93,Bx46,,548.0,581.9728,249.0,386.1491,366.5864,328.0,,-38.586400000000026,-0.10525867844524517,183
94,Bx OTHER,,472.0,2027.6753999999999,1089.0,2285.2567,2237.0308,2087.0,,,,
95,Bronx Local,,436497.0,412387.7197000001,257161.0,233862.6699,219501.9905,189352.0,,-30149.990500000014,-0.13735634210569955,
96,,,,,,,,,,,,
97,M1,,9568.0,9321.6316,2983.0,4596.2242,6366.5787,7362.0,,995.4213,0.15635105555201886,50
98,M2,,8504.0,8446.012,3033.0,5080.3292,6124.6457,6609.0,,484.35429999999997,0.07908282759931728,60
99,M3,,12324.0,12516.1338,4935.0,7841.9369,8521.305,8913.0,,391.6949999999997,0.045966550898013825,30
100,M4,,14905.0,15189.3917,5074.0,8425.9035,10140.8044,11166.0,,1025.195599999999,0.10109608267367813,20
101,M5,,6944.0,8657.4852,2513.0,4425.0253,4928.696,5186.0,,257.3040000000001,0.052205289188053006,84
102,M7,,12190.0,10805.8223,3663.0,5576.4357,6803.2955,7328.0,,524.7044999999998,0.07712504917653508,51
103,M8,,1616.0,1674.8082,644.0,573.1971,763.1711,943.0,,179.82889999999998,0.2356337916883907,173
104,M9,,4779.0,5056.956,2592.0,2698.4792,3454.8645,3857.0,,402.13549999999987,0.11639689487098549,110
105,M10,,6083.0,5183.5032,1841.0,3057.966,3415.3244,3328.0,,-87.32439999999997,-0.0255684057420724,119
106,M11,,9271.0,9561.5013,3433.0,6029.1311,7733.7588,8446.0,,712.2412000000004,0.09209508835470799,36
107,M12,,547.0,762.3486,304.0,440.9908,693.7101,939.0,,245.2899,0.3535913633086789,174
108,M14Lcl/SBS,4,26637.0,28387.1252,15282.0,12827.2692,13284.6565,13626.0,,341.34350000000086,0.025694567262616153,13
109,M15Lcl/SBS,,44725.0,46086.835399999996,25399.0,24926.6094,30008.6063,32298.0,,2289.3937000000005,0.07629123715752173,1
110,M20,,2083.0,2083.8625,1057.0,942.6984,1185.1493,1273.0,,87.85069999999996,0.0741262725295454,166
111,M21,,1421.0,1409.7937,577.0,607.2751,844.0088,1011.0,,166.99120000000005,0.19785480909677727,169
112,M22,,2201.0,2150.79,970.0,1045.6319,1385.9201,1523.0,,137.07989999999995,0.09890894864718389,161
113,M23SBS,,13674.0,14441.3294,6543.0,6284.922,7519.7918,8212.0,,692.2082,0.09205151131976819,38
114,M31,,8932.0,9253.9731,3063.0,5126.8085,6652.4891,7571.0,,918.5109000000002,0.1380702600474761,47
115,M34SBS,,14824.0,15587.4591,7433.0,7121.117,8606.4687,9664.0,,1057.5313000000006,0.12287633138083691,24
116,M35,,664.0,613.7317,239.0,176.003,122.2759,119.0,,-3.275899999999993,-0.02679105203887269,190
117,M42,,9430.0,9978.4992,4938.0,5280.2711,7115.8962,7993.0,,877.1037999999999,0.12325977998386202,41
118,M50,,2445.0,2619.7806,1099.0,1154.6491,1625.3081,1922.0,,296.69190000000003,0.18254502023339453,148
119,M55,,2036.0,1867.1717,823.0,959.0474,1289.1057,1445.0,,155.89429999999993,0.12093213147688349,163
120,M57,,5820.0,6447.001,3665.0,3718.6139,4715.5454,5335.0,,619.4546,0.13136435925312054,80
121,M60SBS,,16018.0,14777.9806,7190.0,6729.9858,7590.7808,7109.0,,-481.78080000000045,-0.06346920200883688,55
122,M66,,8161.0,8643.2082,4174.0,4505.89,5343.2399,5910.0,,566.7601000000004,0.10607049479474064,68
123,M72,,4306.0,4469.0279,2212.0,2462.5914,2845.7635,3264.0,,418.2365,0.14696811593795478,121
124,M79SBS,,12337.0,12350.7988,5446.0,6023.2748,6979.5734,8048.0,,1068.4265999999998,0.15307906927377535,40
125,M86SBS,,19035.0,20777.0461,9495.0,9843.6599,11756.3098,13016.0,,1259.690199999999,0.10715013651647722,16
126,M96,,13637.0,13917.8445,4961.0,7881.3513,8903.2575,9393.0,,489.7425000000003,0.055007113969241066,26
127,M98,,1523.0,1464.7723,551.0,875.6947,1041.4212,1133.0,,91.5788,0.08793637002972476,167
128,M100,,14596.0,13815.7658,8873.0,8369.7066,7230.423,5777.0,,-1453.4229999999998,-0.20101493370443194,70
129,M101,,22642.0,22397.9752,13864.0,12471.7192,13910.4147,13509.0,,-401.41469999999936,-0.02885713392858082,14
130,M102,,11868.0,12130.5539,8118.0,7179.2701,8263.6008,8381.0,,117.39919999999984,0.014206785013138563,37
131,M103,,8979.0,9488.9999,5675.0,5413.1312,6697.5304,7166.0,,468.46960000000036,0.06994661793547072,53
132,M104,,7136.0,7095.4477,2349.0,3814.0031,4578.6217,5001.0,,422.3783000000003,0.09225009788426075,88
133,M106,,2183.0,2176.8942,748.0,1158.9946,1349.9567,1495.0,,145.04330000000004,0.10744292761390054,162
134,M116,1,9071.0,8943.4493,3324.0,5167.6838,5441.6438,3835.0,,-1606.6437999999998,-0.29524971847661174,111
135,M125,5,,,,,2598.2648,4622.0,,,,96
136,M OTHER,,345.0,611.8617,478.0,1637.4243,2560.6072999999997,2733.0,,,,
137,Manhattan Local,,373460.0,381164.57259999996,179561.0,202450.9158,240392.7854,256461.0,,16068.214600000007,0.0668415009762602,
138,,,,,,,,,,,,
139,Q1,,4161.0,4011.9952,2098.0,2023.0228,2554.8231,2787.0,,232.17689999999993,0.09087787721975737,133
140,Q2,,5320.0,5210.8412,2937.0,2897.6832,3645.786,3827.0,,181.21399999999994,0.04970505674222237,112
141,Q3,,8709.0,8252.0488,4951.0,4908.2269,6278.3338,6511.0,,232.66619999999966,0.03705859029030913,61
142,Q4,1,8645.0,8640.1701,5146.0,4882.6459,5888.2465,4278.0,,-1610.2465000000002,-0.2734679161274923,103
143,Q5,,10844.0,10883.4651,6810.0,6667.268,7940.0362,7741.0,,-199.03619999999955,-0.02506741719892909,45
144,Q12,,10162.0,9485.8367,3820.0,4745.1333,5829.3563,6405.0,,575.6436999999996,0.09874910202349436,63
145,Q13,,7421.0,7369.0283,4054.0,4144.2143,5132.5424,5617.0,,484.45759999999973,0.094389400465547,74
146,Q15,,5692.0,5660.0866,2921.0,3086.2263,4053.9602,4451.0,,397.0398,0.0979387513473862,100
147,Q16,,3917.0,4126.8185,1846.0,1953.2121,2730.0464,3077.0,,346.9535999999998,0.12708707075454828,124
148,Q17,,15475.0,15634.0762,7744.0,7890.5362,10718.9929,11219.0,,500.0071000000007,0.04664683563695622,19
149,Q20,,13838.0,13629.3414,7403.0,7358.9458,9644.3952,10257.0,,612.6047999999992,0.06351925520430758,23
150,Q24,,7373.0,7046.4281,4873.0,4310.7658,5135.1917,4684.0,,-451.1917000000003,-0.08786267901157425,94
151,Q26,,1375.0,1411.9163,498.0,528.5258,817.059,1007.0,,189.94100000000003,0.23246913625576615,170
152,Q27,,23079.0,23018.7705,10736.0,10878.899,15617.9133,17180.0,,1562.0866999999998,0.10001891225763174,6
153,Q28,,8950.0,8723.1226,4413.0,4645.5968,6200.1566,6647.0,,446.84339999999975,0.07206969578800634,59
154,Q30,,9452.0,9466.8499,3837.0,4141.8959,6265.3801,6434.0,,168.6198999999997,0.02691295616685725,62
155,Q31,,5595.0,5465.354,2360.0,2708.8384,4018.5602,4062.0,,43.439800000000105,0.010809792024516669,104
156,Q32,,9810.0,9682.6906,7154.0,5659.9307,6419.6383,6879.0,,459.3617000000004,0.07155569808348866,58
157,Q36,,5899.0,5908.2248,3360.0,3461.3523,4278.4524,4644.0,,365.5475999999999,0.08543921161773352,95
158,Q42,,1156.0,1158.3259,549.0,610.8363,759.5965,795.0,,35.40350000000001,0.04660829795819229,175
159,Q43,,13434.0,13325.3658,7393.0,7292.3352,9124.3115,9346.0,,221.6885000000002,0.024296463355070703,27
160,Q44SBS,,25646.0,24483.878,11463.0,13380.0786,14515.704,14247.0,,-268.7039999999997,-0.018511262009751627,10
161,Q46,,20028.0,19678.2701,9200.0,9716.4372,12894.3676,13841.0,,946.6324000000004,0.07341441080057315,12
162,Q48,,2907.0,2769.6232,2120.0,1538.8645,1875.1071,2186.0,,310.89290000000005,0.1658000761663161,140
163,Q54,,10567.0,10094.3306,6696.0,6619.6578,7766.916,8120.0,,353.08399999999983,0.0454599998248983,39
164,Q55,,6761.0,6419.2043,4051.0,4328.0812,4975.3335,5232.0,,256.66650000000027,0.05158779808428928,83
165,Q56,,7630.0,6989.4347,5290.0,4758.9482,5447.2142,5119.0,,-328.21420000000035,-0.06025358797162783,85
166,Q58,,27940.0,27638.1308,17597.0,17627.1599,20592.1504,21774.0,,1181.8496000000014,0.057393209404686625,2
167,Q59,,6768.0,6813.8895,4043.0,4304.9585,5236.65,5639.0,,402.35000000000036,0.07683347178062318,72
168,Q76,,5341.0,5349.5369,2826.0,2890.1333,3762.7043,3951.0,,188.29570000000012,0.050042651504663846,106
169,Q77,,5744.0,5725.6649,3072.0,3315.5639,4138.7011,3882.0,,-256.7011000000002,-0.0620245564483988,109
170,Q83,,8168.0,8011.7251,4583.0,4664.0534,5501.1552,5671.0,,169.84479999999985,0.030874387983091233,71
171,Q84,,4225.0,4180.2286,2270.0,2322.7043,2895.6046,2950.0,,54.39539999999988,0.01878550683335697,128
172,Q85,,10939.0,10698.8632,6070.0,6022.9966,7086.22,6916.0,,-170.22000000000025,-0.024021269449720762,57
173,Q88,,10937.0,11098.8253,5164.0,5523.3497,8244.8926,8648.0,,403.1074000000008,0.048891770888562065,34
174,Q OTHER,,543.0,780.0663,410.0,1023.6650999999999,1405.7054,1589.0,,,,
175,Queens Local,,334451.0,328842.42809999996,179758.0,182832.74320000003,229391.20459999997,237613.0,,8221.795400000032,0.035841807511045404,
176,,,,,,,,,,,,
177,S40/90,,4072.0,4460.3602,3184.0,2636.3574,2088.5939,1697.0,,-391.59389999999985,-0.18749164210428837,157
178,S42,,828.0,764.1033,335.0,314.3025,316.7982,284.0,,-32.79820000000001,-0.10353025995728514,186
179,S44/94,,5928.0,5736.468800000001,3315.0,3100.7479,3138.8168,3043.0,,-95.81680000000006,-0.03052640727550587,125
180,S46/96,1,6435.0,6146.0933,3557.0,3147.3102,3111.1222,2096.0,,-1015.1221999999998,-0.3262881155873594,143
181,S48/98,,6700.0,6411.252,3897.0,3316.1955000000003,3219.0249999999996,2898.0,,-321.02499999999964,-0.09972740193070873,130
182,S51/81,,3661.0,3569.9113,2083.0,1785.5908,1894.8383999999999,1779.0,,-115.83839999999987,-0.06113365656934115,153
183,S52,,3119.0,3017.0981,1821.0,1553.3805,1472.6024,1393.0,,-79.60239999999999,-0.054055595726314166,164
184,S53,,8340.0,7876.7672,5209.0,4749.9779,5136.3522,4851.0,,-285.35220000000027,-0.05555541927206632,90
185,S54,,944.0,970.8677,536.0,508.2018,512.1723,463.0,,-49.17229999999995,-0.09600733971751295,181
186,S55,,289.0,276.7997,132.0,133.5624,139.191,148.0,,8.808999999999997,0.06328713781781867,189
187,S56,,448.0,450.5421,209.0,216.5096,238.6707,265.0,,26.32929999999999,0.11031643180331724,187
188,S57,,1183.0,1155.2194,759.0,718.9108,717.0249,691.0,,-26.024900000000002,-0.03629567118240943,179
189,S59,,3065.0,2968.7616,1833.0,1762.4044,1803.6584,1713.0,,-90.65840000000003,-0.05026361976303275,155
190,S61/91,,3931.0,3809.8735,1982.0,1963.8995,2150.7696,2170.0,,19.230399999999918,0.008941171569469792,141
191,S62/92,,3821.0,3653.563,1965.0,1822.2113,2066.9067999999997,2060.0,,-6.906799999999748,-0.0033416117262760705,145
192,S66,,1537.0,1529.7537,705.0,680.2603,767.3571,711.0,,-56.357099999999946,-0.07344312054974138,177
193,S74/84,,4898.0,4816.5947,2798.0,2393.0731,2449.6559,2568.0,,118.3440999999998,0.04831049944606497,137
194,S76/86,,3849.0,3848.1854,2363.0,1944.2174,1961.0676,1745.0,,-216.06760000000008,-0.11017855784267716,154
195,S78,,5411.0,5326.3906,3100.0,2809.0625,2870.2181,2954.0,,83.78189999999995,0.02919008140879606,127
196,S79SBS,,10873.0,10744.2898,6350.0,6569.3276,7328.0331,7415.0,,86.96690000000035,0.011867700215491706,48
197,S89,,583.0,562.432,261.0,234.4308,281.8877,300.0,,18.112300000000005,0.06425360170025157,185
198,S93,,3659.0,4262.1163,1979.0,1921.0251,2833.0078,2697.0,,-136.00779999999986,-0.04800826880886098,136
199,S OTHER,,375.0,629.5563,394.0,868.9068000000001,943.0378999999999,996.0,,,,
200,Staten Is Local,,83949.0,82987.0,48767.0,45149.86609999999,47440.808,44937.0,,-2503.8079999999973,-0.052777515931010224,
201,,,,,,,,,,,,
202,SIM1,6,2089.0,5861.6799,2628.0,2887.4901,3957.0512,4604.0,,646.9488000000001,0.16349265331719745,1
203,SIM2,6,531.0,1367.8401,475.0,472.5771,697.878,858.0,,160.12199999999996,0.22944124904352903,11
204,SIM3,6,768.0,1887.2797,815.0,912.4625,1279.1024,1468.0,,188.8976,0.14767981046709006,8
205,SIM4,6,1282.0,3484.7577,1349.0,1387.8379,2004.3268,2430.0,,425.67319999999995,0.21237714328821025,2
206,SIM5,6,446.0,1140.7378,340.0,327.7945,515.8425,605.0,,89.15750000000003,0.1728386086838522,18
207,SIM6,6,771.0,1846.1823,705.0,759.7312,1066.4803,1233.0,,166.51970000000006,0.15613949924813433,9
208,SIM7,6,393.0,883.4028,283.0,289.4032,456.0945,546.0,,89.90550000000002,0.19712033361507325,19
209,SIM8,6,898.0,2284.3685,850.0,930.1739,1270.9449,1566.0,,295.05510000000004,0.2321541240694227,6
210,SIM9,7,158.0,653.3204,190.0,155.5138,273.2756,320.0,,46.7244,0.17097904093889102,25
211,SIM10,6,1034.0,2015.8226,850.0,1028.0711,1406.1142,1595.0,,188.88580000000002,0.13433176338024325,5
212,SIM11,8,,981.7648,413.0,452.4783,659.6063,759.0,,99.39369999999997,0.15068640187335985,14
213,SIM15,6,414.0,1173.1237,393.0,435.3834,660.0512,769.0,,108.9488,0.1650611346513725,13
214,SIM22,6,286.0,902.0786,348.0,411.7273,647.2441,723.0,,75.7559,0.11704378610789963,16
215,SIM23,9,,,,,242.8543,312.0,,,,26
216,SIM24,9,,,,,213.1378,276.0,,,,27
217,SIM25,6,338.0,1050.8435,377.0,403.4783,593.6339,726.0,,132.36609999999996,0.2229759789661607,15
218,SIM26,6,451.0,1187.8174,420.0,446.9763,628.685,778.0,,149.31500000000005,0.2375036783126686,12
219,SIM30,6,303.0,808.1805,318.0,367.1937,554.1024,644.0,,89.89760000000001,0.1622400480488805,17
220,SIM31,6,300.0,847.1419,303.0,324.1779,458.6535,533.0,,74.34649999999999,0.16209731311327613,20
221,SIM32,6,279.0,763.9402,229.0,218.5099,336.7087,398.0,,61.29129999999998,0.18203063954094437,23
222,SIM33,6,275.0,1702.0457,828.0,902.8379,1264.5512,1506.0,,241.4487999999999,0.19093635749979904,7
223,SIM34,6,469.0,1340.734,488.0,537.8735,787.9291,898.0,,110.07090000000005,0.13969645238385034,10
224,SIM35,6,247.0,725.4775,238.0,233.2727,370.7283,431.0,,60.27170000000001,0.16257647446930815,22
225,X1,6,3689.0,0.0,0.0,0.0,0.0,0.0,,,,
226,X2,6,929.0,0.0,0.0,0.0,0.0,0.0,,,,
227,X3,6,286.0,0.0,0.0,0.0,0.0,0.0,,,,
228,X4,6,405.0,0.0,0.0,0.0,0.0,0.0,,,,
229,X5,6,1203.0,0.0,0.0,0.0,0.0,0.0,,,,
230,X7,6,1078.0,0.0,0.0,0.0,0.0,0.0,,,,
231,X8,6,515.0,0.0,0.0,0.0,0.0,0.0,,,,
232,X9,6,625.0,0.0,0.0,0.0,0.0,0.0,,,,
233,X10,6,1745.0,0.0,0.0,0.0,0.0,0.0,,,,
234,X11,6,445.0,0.0,0.0,0.0,0.0,0.0,,,,
235,X12/42,6,1442.0,0.0,0.0,0.0,0.0,0.0,,,,
236,X14,6,545.0,0.0,0.0,0.0,0.0,0.0,,,,
237,X15,6,719.0,0.0,0.0,0.0,0.0,0.0,,,,
238,X17,6,3823.0,0.0,0.0,0.0,0.0,0.0,,,,
239,X19,6,678.0,0.0,0.0,0.0,0.0,0.0,,,,
240,X21,6,325.0,0.0,0.0,0.0,0.0,0.0,,,,
241,X22,6,1375.0,0.0,0.0,0.0,0.0,0.0,,,,
242,X27/37,,2940.0,2943.9321,1039.0,1245.8854000000001,2033.4725,2325.0,,291.5274999999999,0.14336436809447872,3
243,X28/38,,2624.0,2595.8247,998.0,1203.9328,2016.1929,2323.0,,306.8071,0.15217150105032112,4
244,X30,6,522.0,0.0,0.0,0.0,0.0,0.0,,,,
245,X31,6,434.0,0.0,0.0,0.0,0.0,0.0,,,,
246,X63,,628.0,625.6136,259.0,288.2095,439.1693,460.0,,20.83069999999998,0.04743204955355481,21
247,X64,,305.0,287.2507,126.0,153.8419,227.7756,234.0,,6.224400000000003,0.027326895418122058,28
248,X68,,538.0,504.3095,215.0,235.9723,334.2283,345.0,,10.77170000000001,0.03222856951371266,24
249,X Other,,,,0.0,4.1304,6.8069999999999995,2.0,,-4.8069999999999995,-0.7061848097546642,
250,Express Total,,27818.0,6956.9306,2637.0,17016.9368,25402.6418,29667.0,,4264.358199999999,0.167870658239963,
251,,,,,,,,,,,,
252,System Totals,,,,,,,,,,,
253,Brooklyn Local,,537217.0,525135.4423999999,299650.0,303551.51839999994,332285.861,324385.0,,-7900.860999999975,-0.02377730119549076,
254,Bronx Local,,436497.0,412387.7197000001,257161.0,233862.6699,219501.9905,189352.0,,-30149.990500000014,-0.13735634210569955,
255,Manhattan Local,,373460.0,381164.57259999996,179561.0,202450.9158,240392.7854,256461.0,,16068.214600000007,0.0668415009762602,
256,Queens Local,,334451.0,328842.42809999996,179758.0,182832.74320000003,229391.20459999997,237613.0,,8221.795400000032,0.035841807511045404,
257,Staten Is Local,,83949.0,82987.0,48767.0,45149.86609999999,47440.808,44937.0,,-2503.8079999999973,-0.052777515931010224,
258,Local System Adj,,4445.0,6360.0,,,,,,,,
259,Local Total,,1770019.0,1736877.1627999998,964897.0,967847.7133999999,1069012.6495,1052748.0,,-16264.649500000058,-0.01521464643810097,
260,,,,,,,,,,,,
261,Brooklyn Exp,,5564.0,5539.7568,2037.0,2449.8182,4049.6654,4648.0,,598.3346000000001,0.14774914490466304,
262,Manhattan Exp,,0.0,0.0,0.0,0.0,0.0,0.0,,,,
263,Queens Exp,,1471.0,1417.1738,600.0,678.0237,1001.1732,1039.0,,37.82680000000005,0.03778247360197022,
264,Staten Is Exp,,32515.0,32908.5396,12840.0,13889.0949,20351.803200000002,23980.0,,3628.196799999998,0.1782739723033484,
265,Exp Special/Adj,,75.0,121.0,11.1646,,,,,,,
266,Express Total,,39625.0,39986.470199999996,15488.1646,17016.9368,25402.6418,29667.0,,4264.358199999999,0.167870658239963,
267,,,,,,,,,,,,
268,Brooklyn Total,,542781.0,530675.1991999999,301687.0,306001.3365999999,336335.5264,329033.0,,-7302.526399999973,-0.021712028099330673,
269,Bronx Total,,436497.0,412387.7197000001,257161.0,233862.6699,219501.9905,189352.0,,-30149.990500000014,-0.13735634210569955,
270,Manhattan Total,,373460.0,381164.57259999996,179561.0,202450.9158,240392.7854,256461.0,,16068.214600000007,0.0668415009762602,
271,Queens Total,,335922.0,330259.60189999995,180358.0,183510.76690000002,230392.37779999996,238652.0,,8259.622200000042,0.03585024070184341,
272,Staten Is Total,,116464.0,115895.53959999999,61607.0,59038.960999999996,67792.6112,68917.0,,1124.3888000000006,0.016585713104970364,
273,Adjustments,,6481.0,11.1646,,,,,,,,
274,Grand Total,,1811605.0,1770393.7976,980374.0,984864.6501999999,1094415.2912999997,1082415.0,,-12000.291299999692,-0.010965025247175743,
275,,,,,,,,,,,,
276,"* NYCT Bus Routes that were changed between 2018 and 2023; see ""Notes"" for details.",,,,,,,,,,,
