line,operator,colour,source,url,note
Vălcineț — Ocnița,Calea Ferată din Moldova,#1F6FB2,picked,,CFM: one colour
Ocnița — Bălți-Slobozia,Calea Ferată din Moldova,#1F6FB2,picked,,CFM: one colour
Ocnița — Ocnița,Calea Ferată din Moldova,#1F6FB2,picked,,CFM: one colour
Bălți-Slobozia — Колбасная,Calea Ferată din Moldova,#1F6FB2,picked,,CFM: one colour
B.P. 61 Km — Medveja,Calea Ferată din Moldova,#1F6FB2,picked,,CFM: one colour
Bălți-Slobozia — Ungheni,Calea Ferată din Moldova,#1F6FB2,picked,,CFM: one colour
Ungheni — Chișinău,Calea Ferată din Moldova,#1F6FB2,picked,,CFM: one colour
Chișinău — Бендеры-1,Calea Ferată din Moldova,#1F6FB2,picked,,CFM: one colour
Răuțel — Glodeni,Calea Ferată din Moldova,#1F6FB2,picked,,CFM: one colour
Бендеры-1 — Новосавицкая,Calea Ferată din Moldova,#1F6FB2,picked,,CFM: one colour
Ливада — Ливада,Calea Ferată din Moldova,#1F6FB2,picked,,CFM: one colour
Basarabeasca — Etulia,Calea Ferată din Moldova,#1F6FB2,picked,,CFM: one colour
Giurgiuleşti — Giurgiuleşti,Calea Ferată din Moldova,#1F6FB2,picked,,CFM: one colour
Basarabeasca — Prut-2,Calea Ferată din Moldova,#1F6FB2,picked,,CFM: one colour
Rediul Mare — Brătușeni,Calea Ferată din Moldova,#1F6FB2,picked,,CFM: one colour
Chișinău — Căinari,Calea Ferată din Moldova,#1F6FB2,picked,,CFM: one colour
Бендеры-1 — Căinari,Calea Ferată din Moldova,#1F6FB2,picked,,CFM: one colour
Căinari — Basarabeasca,Calea Ferată din Moldova,#1F6FB2,picked,,CFM: one colour
Prut — Giurgiuleşti,Calea Ferată din Moldova,#1F6FB2,picked,,CFM: one colour
