key,en,color,from,first_used
indoeuropean.indoaryan.northwestern.punjabi,Punjabi,#f26a90,languagedots,pakistan
indoeuropean.iranian.pashto,Pashto,#ccc882,languagedots,pakistan
indoeuropean.indoaryan.northwestern.sindhi,Sindhi,#f9ad26,languagedots,pakistan
indoeuropean.indoaryan.northwestern.saraiki,Saraiki,#ffa08f,languagedots,pakistan
indoeuropean.indoaryan.central.urdu,Urdu,#de394b,languagedots,pakistan
indoeuropean.iranian.balochi,Balochi,#b38a50,languagedots,pakistan
indoeuropean.indoaryan.northwestern.hindko,Hindko,#d097ea,languagedots,pakistan
indoeuropean.indoaryan.northwestern.pahari_pothwari,Pahari-Pothwari,#efa3c7,languagedots,pakistan
dravidian.northern.brahui,Brahui,#53be70,languagedots,pakistan
indoeuropean.indoaryan.rajasthani.mewati,Mewati,#d06481,languagedots,pakistan
indoeuropean.indoaryan.dardic.kohistani,Kohistani,#8adbdb,languagedots,pakistan
indoeuropean.indoaryan.dardic.shina,Shina,#33a6a0,languagedots,pakistan
indoeuropean.indoaryan.rajasthani.gujari,Gujari (Gojri),#ffb382,languagedots,pakistan
sinotibetan.tibetic.balti,Balti,#488acb,languagedots,pakistan
isolate.burushaski,Burushaski,#9f50ca,languagedots,pakistan
indoeuropean.indoaryan.dardic.khowar,Khowar,#116d8a,languagedots,pakistan
other,Other languages,#929292,languagedots,pakistan
indoeuropean.iranian.dari,Dari,#f3813f,languagedots,afghanistan
not_described,Not described,#d9d9d9,helper1m,afghanistan
turkic.uzbek,Uzbek,#ec81c0,languagedots,afghanistan
indoeuropean.indoaryan.dardic.pashai,Pashai,#3db6cf,languagedots,afghanistan
turkic.turkmen,Turkmen,#cb3e6c,languagedots,afghanistan
indoeuropean.nuristani,Nuristani languages,#9283dc,languagedots,afghanistan
indoeuropean.iranian,Balochi or Dari (one figure),#c5bda7,languagedots,afghanistan
turkic,Turkmen or Uzbek (one figure),#c59799,languagedots,afghanistan
indoeuropean.indoaryan.dardic.kashmiri,Kashmiri,#31c7d5,languagedots,pakistan
indoeuropean.iranian.persian,Persian (Farsi),#e4ac59,languagedots,iran
turkic.azerbaijani,Azerbaijani,#b74d95,languagedots,iran
indoeuropean.iranian.kurdish,Kurdish,#d2764a,languagedots,iran
indoeuropean.iranian.mazandarani,Mazandarani,#ffc091,languagedots,iran
indoeuropean.iranian.luri,Luri (Lurish and Bakhtiari),#e1d195,languagedots,iran
indoeuropean.iranian.gilaki,Gilaki,#958f42,languagedots,iran
afroasiatic.arabic,Arabic,#c2d7cb,languagedots,iran
