key,en,family,color
001002,Assamese,indo_aryan,#c9a0dc
002007,Bengali,indo_aryan,#2e8b57
002011,Chakma,indo_aryan,#b4dd88
003001,Bodo/Boro,sino_tibetan,#3044a6
004001,Dogri,indo_aryan,#a3c4e0
005018,Gujarati,indo_aryan,#4fb3bf
006240,Hindi,hindi,#f2c45a
006102,Bhojpuri,hindi,#d8443c
006489,Rajasthani,hindi,#ec8a35
006142,Chhattisgarhi,hindi,#b8a038
006376,Magadhi/Magahi,hindi,#e377c2
006235,Haryanvi,hindi,#9c5a2c
006320,Khortha/Khotta,hindi,#f2a29a
006400,Marwari,hindi,#c4651a
006125,Bundeli/Bundel khandi,hindi,#8a6a32
006391,Malvi,hindi,#d9a77c
006503,Sadan/Sadri,hindi,#b44f86
006408,Mewari,hindi,#f5b06b
006030,Awadhi,hindi,#e8d48f
006353,Lamani/Lambadi,hindi,#c46664
006439,Pahari,hindi,#d5b690
006232,Hara/Harauti,hindi,#ab482b
006042,Bagheli/Baghel Khandi,hindi,#d4b354
006195,Garhwali,hindi,#e0ab85
006432,Nimadi,hindi,#a63c30
006548,Surjapuri,hindi,#cfa259
006340,Kumauni,hindi,#dda288
006547,Surgujia,hindi,#9b8a3b
006066,Banjari,hindi,#c49464
006123,Brajbhasha,hindi,#d59c90
006173,Dhundhari,hindi,#ab842b
006207,Gojri/Gujjari/Gujar,hindi,#d48454
006291,Kangri,hindi,#e08a85
006409,Mewati,hindi,#a67430
006420,Nagpuria,hindi,#cf7759
006394,Mandeali,hindi,#ddc988
006345,Kurmali Thar,hindi,#9b663b
006451,Panch Pargania,hindi,#c47064
006045,Bagri Rajasthani,hindi,#d5bd90
006535,Sondwari,hindi,#ab552b
006336,Kulvi,hindi,#d45554
006096,Bharmauri/Gaddi,hindi,#e0b585
006265,Jaunpuri/Jaunsari,hindi,#a64930
006133,Chambeali/Chamrali,hindi,#cfae59
006530,Sirmauri,hindi,#ddaa88
006086,Bhadrawahi,hindi,#9b433b
006355,Laria,hindi,#c49e64
006149,Churahi,hindi,#d5a490
006231,Handuri,hindi,#ab912b
006454,Pangwali,hindi,#d49154
006438,Padari,hindi,#e09385
l006x,Other Hindi,hindi,#dcc08f
007016,Kannada,dravidian,#6f8f1e
007002,Badaga,dravidian,#59cdcf
008005,Kashmiri,indo_aryan,#5b8db8
008018,Siraji,indo_aryan,#2bab7c
008019,Dardi,indo_aryan,#7ad454
009011,Konkani,indo_aryan,#b07aa1
010008,Maithili,indo_aryan,#7d2e5c
011016,Malayalam,dravidian,#2a9d8f
012003,Manipuri,sino_tibetan,#b359cf
013071,Marathi,indo_aryan,#8a6bbf
014011,Nepali,indo_aryan,#5f9ea0
015043,Odia,indo_aryan,#9acd5a
015058,Sambalpuri,indo_aryan,#c4c464
015006,Bhatri,indo_aryan,#90d5b2
015014,Desia,indo_aryan,#62ab2b
016038,Punjabi,indo_aryan,#4169e1
016002,Bagri,indo_aryan,#85e092
016006,Bilaspuri Kahluri,indo_aryan,#8ca630
018040,Santali,austroasiatic,#6b4226
018010,Karmali,austroasiatic,#cf9f59
019014,Sindhi,indo_aryan,#59cfad
019008,Kachchhi,indo_aryan,#9add88
020027,Tamil,dravidian,#d1495b
021046,Telugu,dravidian,#3d7cc9
022015,Urdu,indo_aryan,#1b3f6e
023003,Adi,sino_tibetan,#9888dd
023040,Talgalo,sino_tibetan,#9b3b90
l025,Anal,sino_tibetan,#9864c4
l026,Angami,sino_tibetan,#9092d5
027001,Ao,sino_tibetan,#9e2bab
027003,Chungli,sino_tibetan,#7d54d4
030078,Wagdi,indo_aryan,#64c486
030007,Bhili/Bhilodi,indo_aryan,#b7d590
030003,Barel,indo_aryan,#2baba2
030006,Bhilali,indo_aryan,#54d454
030075,Varli,indo_aryan,#d9e085
030068,Pawri,indo_aryan,#30a674
030076,Vasava,indo_aryan,#82cf59
l030x,Other Bhili/Bhilodi,indo_aryan,#88d0dd
031001,Bhotia,sino_tibetan,#e085c9
031011,Bauti,sino_tibetan,#8030a6
035001,Chakru/Chokri,sino_tibetan,#6559cf
036001,Chang,sino_tibetan,#dd88da
039002,Dimasa,sino_tibetan,#673b9b
043005,Garo,sino_tibetan,#646fc4
044007,Gondi,dravidian,#90d5b8
044002,Dorli,dravidian,#2ba0ab
045001,Halabi,indo_aryan,#3b9b51
047001,Hmar,sino_tibetan,#c890d5
048004,Ho,austroasiatic,#ddad88
051005,Rongmei,sino_tibetan,#4a2bab
051003,Kabui,sino_tibetan,#d454bf
052002,Karbi/Mikir,sino_tibetan,#bb85e0
053002,Ahirani,indo_aryan,#a7c464
053004,Dangi,indo_aryan,#90d5c7
054005,Kharia,austroasiatic,#9b7d3b
055007,Khasi,austroasiatic,#c49764
055012,Pnar/Synteng,austroasiatic,#d5aa90
055015,War,austroasiatic,#ab7c2b
056003,Khezha,sino_tibetan,#3330a6
057001,Khiemnungan,sino_tibetan,#c959cf
059003,Kinnauri,sino_tibetan,#a888dd
066001,Konyak,sino_tibetan,#9b3b7e
067001,Korku,austroasiatic,#d49054
069002,Koya,dravidian,#54d4b7
070001,Kui,dravidian,#85c6e0
072024,Kurukh/Oraon,dravidian,#30a6a2
076002,Mara,sino_tibetan,#aa64c4
078001,Lepcha,sino_tibetan,#9b90d5
079002,Liangmei,sino_tibetan,#ab2ba1
081001,Lotha,sino_tibetan,#9554d4
082005,Lushai/Mizo,sino_tibetan,#858ae0
084003,Paola,sino_tibetan,#9630a6
084001,Mao,sino_tibetan,#7b59cf
086001,Maring,sino_tibetan,#dd88ca
087003,Miri/Mishing,sino_tibetan,#793b9b
091009,Munda,austroasiatic,#e0c785
092005,Mundari,austroasiatic,#a67330
093001,Nicobarese,austroasiatic,#cf8959
094007,Nissi/Dafla,sino_tibetan,#6b64c4
094008,Tagin,sino_tibetan,#d590d5
094001,Apatani,sino_tibetan,#622bab
095003,Nocte,sino_tibetan,#5467d4
098001,Pawi,sino_tibetan,#cc85e0
100001,Phom,sino_tibetan,#4930a6
101006,Pochury,sino_tibetan,#cf59bf
104001,Rengma,sino_tibetan,#b888dd
105004,Sangtam,sino_tibetan,#3b3c9b
106004,Savara,austroasiatic,#ddc088
109005,Shina,indo_aryan,#3bab2b
112008,Tangkhul,sino_tibetan,#bc64c4
114015,Thado,sino_tibetan,#a890d5
115011,Purkhi,sino_tibetan,#ab2b89
116007,Kokbarak,sino_tibetan,#ad54d4
117009,Tulu,dravidian,#9c755f
119001,Wancho,sino_tibetan,#9085e0
120005,Yimchungre,sino_tibetan,#a630a0
121001,Zeliang,sino_tibetan,#9159cf
122003,Zemi,sino_tibetan,#8890dd
other,Other languages,other,#9a9a9a
