iso3,country,question,census_year,finest_level,n_units,access,categories,licence,source_url,older_census,fallback,confidence,notes
ETH,Ethiopia,mother_tongue,2007,"woreda (USCB re-cut onto ADM3_2021 units)",738,uscb_hdx,"CSA tables list ~80+ mother tongues; how many the USCB layer keeps not inspected",CC BY,https://data.humdata.org/dataset/ethiopia-subnational-boundaries-and-tabular-data,1994 (mother tongue; IPUMS MTONGET 1994/2007),"Afrobarometer home language by region",checked,"HDX notes (fetched 2026-10-03) list ethnicity AND language tables with boundaries in one gdb/xlsx; -999 null sentinel and 2007-data-on-2021-units caveats as in religiondots et.md. No census since 2007 (2017 round postponed indefinitely). CSA 2007 regional PDF reports also have mother tongue by zone/woreda."
ERI,Eritrea,none,,,,none,,,https://en.wikipedia.org/wiki/Languages_of_Eritrea,,"Ethnologue estimates; Eritrea Population and Health Survey 2010 / DHS 2002 ethnicity (DHS registration unavailable to us); ethnicity-by-zone from literature",guess,"Eritrea has never held a national census. Not in Afrobarometer. Not checked online beyond general knowledge."
DJI,Djibouti,unknown,2009,,,none,,,,,"Somali vs Afar split by region (Afar: Tadjourah, Obock, much of Dikhil; Somali: Djibouti city, Ali Sabieh, Arta) as a proxy",guess,"Not in IPUMS group lists or USCB HDX. Wikipedia 'Languages of Djibouti' (fetched 2026-10-03) cites only Ethnologue and OIF, no census figure. 2009 and 2024 RGPH questionnaires not found/checked."
SOM,Somalia,none,,,,none,,,https://data.humdata.org/dataset/somalia-subnational-boundaries-and-tabular-data,"1975 census (published); 1986-87 census never published","Population Estimation Survey of Somalia (PESS 2014) has no language item as far as known; Maay vs Maxaa dialect zones from linguistic literature",guess,"No usable census. USCB HDX Somalia dataset exists but its notes mention no language/ethnicity (checked 2026-10-03 via CKAN list). Clan is the salient identity and is not enumerated."
SSD,South Sudan,none,2008,,,none,,,https://data.humdata.org/dataset/south-sudan-subnational-boundaries-and-tabular-data,"1955/56 Sudan census recorded ethnic group/language by district (guess)","Ethnologue; ethnic homeland maps (e.g. Murdock/GREG) + county populations",reported,"IPUMS has South Sudan 2008 but no language or ethnicity variable in the ethnicity/language group (parsed 2026-10-03). USCB HDX South Sudan dataset notes mention no language. Wikipedia: latest language statistics are from the 1980s."
KEN,Kenya,ethnicity_only,2019,national only,1,pdf,"~45 ethnic groups plus sub-groups and nationalities (Table 2.31)",,https://www.knbs.or.ke/wp-content/uploads/2023/09/2019-Kenya-population-and-Housing-Census-Volume-4-Distribution-of-Population-by-Socio-Economic-Characteristics.pdf,"1979 and 1989 censuses published ethnicity by district (~41-47 districts)","1989 district ethnicity tables + ethnicity-language crosswalk; Afrobarometer home language by county; IPUMS Kenya has no ethnicity variable",checked,"Vol IV 2019 (PDF read 2026-10-03): ethnicity only at national level (Table 2.31, pp. 436-437); no language question. Ethnic statistics were published at district level until 1989, national only since (politically sensitive). openAFRICA copy of the ethnicity CSV is behind Cloudflare."
UGA,Uganda,ethnicity_only,2024,national only,1,pdf,"66 ethnic groups ('tribes') in the 2024 final report",,https://www.ubos.org/uganda-bureau-of-statistics-2024-the-national-population-and-housing-census-2024-final-report-volume-i-main/,"2014 (ethnicity, national only, Main Report Appendix A8); IPUMS ETHNICUG 1991/2002/2014 microdata (gated) has district","IPUMS microdata (gated) for district-level ethnicity; Afrobarometer home language by region",reported,"2024 sub-region profiles (Bukedi profile PDF read 2026-10-03) tabulate down to parish but carry no ethnicity table. Press (Daily Monitor) reports 66 tribes nationally in the December 2024 final report and corrections to tribe figures after the October release. No language question found."
RWA,Rwanda,languages_spoken,2022,"district (guess)",30,pdf,"4 languages: Kinyarwanda, English, French, Swahili (literacy, multi-response)",,https://en.wikipedia.org/wiki/Languages_of_Rwanda,,"none needed: Kinyarwanda is near-universal first language",reported,"RPHC5 2022 asks literacy by language for 15+ (Education Thematic Report 'Literacy and Language'), not first language. IPUMS LANGRW = foreign language spoken 1991/2002. For a first-language map Rwanda is effectively one dot colour."
BDI,Burundi,unknown,2008,,,none,,,https://en.wikipedia.org/wiki/Languages_of_Burundi,,"none needed: Kirundi ~98% (Laval estimate); Afrobarometer Burundi R6 2014 home language",guess,"Burundi not in IPUMS ethnicity/language group. Wikipedia cites no census figure. 2008 RGPH questionnaire not checked. Effectively monolingual Kirundi."
TZA,Tanzania,none,2022,,,none,,,,"1957 (tribe by district) / 1967 census ethnicity (guess)","Afrobarometer home language by region (~31 regions); ethnic homeland maps",reported,"IPUMS Tanzania 1988/2002/2012: only SPEAKENG (literacy-language item), no language or ethnicity variable. Tanzania has not asked ethnicity since independence-era censuses as policy. 2022 questionnaire not re-checked."
MOZ,Mozambique,mother_tongue,2017,"province in published xlsx tables; district via 10% public microdata (to confirm)",11,open_table,"~40+ (Emakhuwa, Xichangana, Cisena, Elomwe, Portuguese...)",,https://mozdata.ine.gov.mz/index.php/catalog/24,2007 (same questions),"10% census microdata (public access on INE NADA) tabulated by district",reported,"Asks both lingua materna and lingua falada com mais frequencia em casa (Quadros 22-23 in INE '08-Lingua' folder), plus knowledge of Portuguese. IPUMS LANGMZ+MTONGMZ 2007/2017. NADA says sample stratified by district (161) but 'lowest available level Province' - unclear whether district code is in the public file. INE site timed out 2026-10-03; Wayback had no provincial folder. INE thematic study 'Padrao Linguistico em Mocambique' exists (>10 MB PDF, not read)."
MWI,Malawi,ethnicity_only,2018,district (28 districts + 4 cities),32,pdf,"13: Chewa, Tumbuka, Lomwe, Tonga, Yao, Sena, Nkhonde, Ngoni, Lambya, Sukwa, Mang'anja, Nyanja, Other",,https://malawi.unfpa.org/sites/default/files/resource-pdf/2018%20Malawi%20Population%20and%20Housing%20Census%20Main%20Report%20(1).pdf,2008 (ethnicity; IPUMS ETHNICMW 2008/2018),"ethnicity-language crosswalk is close to 1:1 here (Chewa=Chichewa etc.), though many Ngoni and Lomwe speak Chichewa/Chitumbuka; Afrobarometer home language by district",checked,"Main report Table E4 'Malawian Population by Tribe, Region and District' (p.143) read 2026-10-03. No language question (literacy item says 'in any language'). Traditional Authority level not seen."
ZMB,Zambia,home_language,2022,ward (9 language groups) / province (~75 languages),1853,pdf,"~75 languages nationally and by province; 9 groups at ward (Bemba, Tonga, North-Western, Western, Nyanja, Tumbuka, Mambwe, English, Other)",,https://www.zamstats.gov.zm/wp-content/uploads/2026/05/Languages-Descriptive-Tables.pdf,2010 (predominant language; IPUMS LANGZM1 1990/2000/2010),"Ethnicity tables (same layout, ~73 groups by province, 7 groups + other by ward) in Ethnicity-Descriptive-Tables.pdf",checked,"Question wording in tables: 'widely spoken language of communication' (one per person). Table C2.0 by province/district/constituency/ward; 1,853 ward rows counted 2026-10-03. Small cells suppressed with '*'. Full ~75-language detail only to province + rural/urban."
ZWE,Zimbabwe,none,2022,,,none,,,https://en.wikipedia.org/wiki/Languages_of_Zimbabwe,,"Afrobarometer home language by province (10); Shona/Ndebele split by province is a strong proxy",reported,"Wikipedia: Zimbabwe 'has never conducted a census that enumerated people by language'. IPUMS Zimbabwe 2012: no language or ethnicity variable (only RACE). 2022 questionnaire not checked."
AGO,Angola,home_language,2014,"province (municipality possibly in provincial volumes, not seen)",18,pdf,"Portuguese + ~10 national languages (Umbundu, Kikongo, Kimbundu, Cokwe, Nhaneca, Ngangela, Fiote, Kwanyama...)",,https://observalinguaportuguesa.org/angola-portugues-e-falado-por-7115-de-angolanos/,,"Afrobarometer home language by province",reported,"'Lingua falada em casa': Portuguese 71.15%, Umbundu 22.96% - shares appear to allow more than one language per person (multi-response?), check before using as first language. Not in IPUMS. Definitive results volumes from INE Angola not fetched."
NAM,Namibia,home_language,2023,region (published); constituency via 2011 open PUMS,14,open_table,"~12: Oshiwambo, Khoekhoegowab, Afrikaans, RuKwangali, Otjiherero, Silozi, English, German, Setswana...",Open data access (NSA NADA),https://microdata.nsanamibia.com/index.php/catalog/9,2011 (same question; open PUMS with constituency),"2011 PUMS microdata (open, variable 'H13. Language Spoken' + Constituency, 107 constituencies)",checked,"Household-level question: main language spoken in the household (each household one language). 2023 20% PUMS (catalog 17) has Region and Constituency (121) but NO language variable (variable list checked 2026-10-03). 2023 regional shares in main report. census.nsa.org.na portal shows region/constituency for population topics only."
BWA,Botswana,home_language,2022,census district,28,pdf,"~20 languages grouped (Setswana, English, Kalanga, Shekgalagari, Sesarwa, Thimbukushu, Otjiherero, Sheyeyi, Chisubia, Afrikaans, Ndebele, Shona, sign language...)",,https://www.statsbots.org.bw/census-2022,2011/2001 (language spoken at home; IPUMS LANGBW 2001/2011),"Afrobarometer home language by district",checked,"2022 asks language spoken most often at home AND new 'early childhood language' (close to mother tongue) for age 2+; Analytical Report Vol 1 appendices 3-4 tabulate both by census district (read 2026-10-03). Admin report says 2022 also collected ethnicity. Finer (village/locality) not seen."
ZAF,South Africa,home_language,2022,electoral ward (SuperWEB2); 2011 small area,4468,microdata_server,"12 official languages incl. SA Sign Language + other",10% sample CC BY (DataFirst),https://superweb.statssa.gov.za/webapi/jsf/login.xhtml,"2011 first language by small area (~84,900 SALs) and sub place via census2011.adrianfrith.com (open)","2022 10% sample (CC BY, DataFirst) to local municipality",checked,"Language spoken most often at home. SuperWEB2 needs free registration; Stats SA put 2022 ward-level data on SuperWEB in Sept 2024. 2022 Small Area Layer only on request. Adrian Frith's site (2011 Community Profile DB) covers all place levels down to small area; first-language tables there reported, not verified."
LSO,Lesotho,none,2016,,,none,,,,,"none needed: Sesotho near-universal; Afrobarometer home language by district (10)",guess,"IPUMS Lesotho 1996/2006: no language or ethnicity variable. 2016 questionnaire not checked."
SWZ,Eswatini,none,2017,,,none,,,https://en.wikipedia.org/wiki/Languages_of_Eswatini,,"none needed: siSwati ~95%; Afrobarometer home language by region (4)",guess,"Wikipedia cites only Ethnologue (1993 figures), no census. Not in IPUMS. 2017 questionnaire not checked."
MDG,Madagascar,none,2018,,,none,,,https://en.wikipedia.org/wiki/Languages_of_Madagascar,,"Malagasy universal; dialect regions could be proxied from region/ethnic homelands; Afrobarometer home language by region",guess,"Wikipedia cites no census language/ethnicity data. Not in IPUMS group lists. RGPH-3 2018 questionnaire not checked."
COM,Comoros,none,2017,,,none,,,https://en.wikipedia.org/wiki/Languages_of_the_Comoros,,"Island = dialect (Shingazidja, Shindzuani, Shimwali; 3 islands); Afrobarometer 2025: 89.9% Shikomori, 9.9% French at home",guess,"Wikipedia cites Afrobarometer and OIF only, no census. RGPH 2017 questionnaire not checked."
MUS,Mauritius,home_language,2022,"district (guess; 9 districts + Rodrigues + Agalega)",11,pdf,"~10: Creole, Bhojpuri, French, English, Hindi, Tamil, Telugu, Marathi, Urdu, Chinese languages...",,https://statsmauritius.govmu.org/,2011/2000/1990 (same; IPUMS LANGMU and MTONGMU),"",reported,"Two items: language usually spoken at home (2022: Creole 90.0%, Bhojpuri 5.1%, French 4.4%) and 'linguistic group of forefathers' (ancestral language, an identity item, IPUMS MTONGMU). Statistics Mauritius census pages not found by URL guess 2026-10-03; geography of published tables unconfirmed."
SYC,Seychelles,home_language,2022,"district (guess)",26,pdf,"~8: Creole, English, French, Gujarati, Hindi, Tamil, other",,https://www.nbs.gov.sc/downloads/1308-seychelles-population-and-housing-census-2022-provisional-results-report/download,,"",reported,"2022: first language spoken at home Creole 85.1%, English 8%, French 0.5% (secondary summaries of NBS report). District-level tables not seen."
