"iso3","country","question","census_year","finest_level","n_units","access","categories","licence","source_url","older_census","fallback","confidence","notes"
"CHN","China","ethnicity_only","2020","county (provincial 2020 census yearbooks, table 1-4: county x 56 nationalities; only ~16 provinces open); 2000 census county table for all provinces","2850","open_table","56 official minzu + undetermined + naturalised; Han not split (no Mandarin/Wu/Yue/Min/Hakka distinction)","","https://dataverse.harvard.edu/dataset.xhtml?persistentId=doi:10.7910/DVN/QPUONU","no PRC census has asked language or dialect","Han dialect groups: Language Atlas of China coded to 1990 county units (Lavely & Berman, Harvard Dataverse doi:10.7910/DVN/QPUONU, GIS zip unrestricted download, non-commercial academic use only, commercial use needs licence from the Skinner estate); also github.com/dan-qqq/Chinese_dialect_distance (all county-level units classified to dialect group/subgroup/cluster from LAC 2012 + Chinese Dialect Dictionary 1991, no licence stated, author warns of errors). Minority languages via minzu crosswalk.","checked","Dialect zones are one label per county (a zone map, not counts); a dot map would assign every Han person in a county to that county's dialect group, which fails for migrant-heavy cities (Shenzhen, Shanghai). maps/chinaethnicity already holds 2020 county tables for 16 provinces + 2000-pattern estimates for 15. Minzu is identity, not language: Manchu, Hui, most Tujia and She speak Chinese varieties. CGSS asks Mandarin/dialect ability but not which dialect group (guess, not verified); CFPS refused (see memory). Dataverse metadata read via API 2026-10-03."
"HKG","Hong Kong","home_language","2021","Large Tertiary Planning Unit Group (also District Council district); Small TPU group tables exist, language fields not confirmed","159","open_table","usual spoken language: Cantonese, Putonghua, other Chinese dialects, English, other (~6-8)","DATA.GOV.HK terms (free reuse with attribution)","https://data.gov.hk/en-data/dataset/hk-censtatd-census_geo-2021-population-census-by-ltpu","2016 by-census, 2011 census same item","","reported","'Usual spoken language' = language/dialect used in daily communication at home, age 5+. LTPU table in CSV/XLSX on data.gov.hk and CSDI portal with boundaries; Esri China HK republishes 'population by usual spoken language by Large TPU 2021'. Hakka, Hokkien, Chiu Chow are lumped as 'other Chinese dialects' in area tables (the national tables split them)."
"MAC","Macau","home_language","2021","unknown (probably statistical zone or parish); territory-wide figures seen","","open_table","usual language: Cantonese, Putonghua, other Chinese dialects (Hokkien etc.), Portuguese, English, Tagalog, other","","https://www.dsec.gov.mo/","2016 by-census, 2011 census same item","","reported","2021: 81% Cantonese, 4.7% Putonghua, 5.4% other Chinese dialects (age 3+), from a secondary source. Did not reach DSEC's detailed tables; one search 2026-10-03."
"TWN","Taiwan","home_language","2020","county/city (SEGIS dataset; township table not found)","22","open_table","primary + secondary language used at home: Mandarin, Taiwanese Hokkien, Hakka, indigenous languages, other (5)","Government open data licence (not read)","https://segis.moi.gov.tw/STATCloud/QueryInterfaceView?COL=bDhjBLjaYkG6VIk7ahD1kA%3D%3D&MCOL=dR9iGyjNqInFlqyg96HAdg%3D%3D","2010 census asked the same item","Hakka Affairs Council 'National Hakka population and language survey' (2016, 2021) gives Hakka identity by township; indigenous population by township from household registration (identity)","checked","Population 6+ with ROC nationality. Two answers: main language and secondary language. 2020 national: Mandarin 66.4% main, Hokkien 31.7%, Hakka 1.5%, indigenous 0.2%. SEGIS dataset fields are county code/name only (CSV, SHP, JSON API, no application needed). Census sample-based (the 2020 census was register + sample), so township tables may not exist. Indigenous languages not split by language."
"JPN","Japan","none","2020","","","none","","","https://www.stat.go.jp/english/data/kokusei/2020/index.html","","nationality question (by municipality, open e-Stat) as a crosswalk for foreign residents only; Ainu and Ryukyuan languages not counted anywhere official","guess","Census asks nationality, not language or ethnicity. Not re-checked this sweep."
"KOR","South Korea","none","2020","","","none","","","https://kosis.kr/","","foreign residents by nationality by si/gun/gu (KOSIS, open); Jeju language not counted","guess","Register-based census; nationality only. Not re-checked this sweep."
"PRK","North Korea","none","2008","","","none","","","https://unstats.un.org/unsd/demographic-social/census/","","","guess","2008 census (UNFPA-supported) had no language or ethnicity item as far as known; effectively monolingual Korean."
"MNG","Mongolia","ethnicity_only","2020","aimag (21 + Ulaanbaatar); soum tables likely in aimag reports","22","pdf","ethnicity: Khalkh precoded + write-in (Kazakh, Durvud, Bayad, Buryat, Zakhchin, Dariganga, Uriankhai, Tuvan etc., ~20+)","","https://www.1212.mn/","2010 census ethnicity","Kazakh ethnicity -> Kazakh language (Bayan-Olgii); other Mongol subgroups all speak Mongolian dialects","checked","2020 questionnaire (national report p202, cached in religiondots/data/raw/mn) Q6 'What is your ethnicity?' Khalkh / other specify; no language question (only literacy 'in any language'). Ethnicity by aimag in the main report; Bayan-Olgii aimag report also cached."
"VNM","Vietnam","ethnicity_only","2019","province","63","pdf","54 official ethnic groups","","https://www.gso.gov.vn/","1999 census asked mother tongue? (not verified); 1989/1999/2019 ethnicity in IPUMS (ETHNICVN, 2009 sample lumps all non-Kinh)","ethnicity -> language crosswalk is close (Tay, Thai, Muong, Khmer, Hmong, Nung, Hoa = distinct languages); IPUMS 2019 sample with district geography (gated)","reported","'Ket qua toan bo 2019' (cached religiondots/data/raw/vn) gives a full province x 54-group table over ~167 pages (religiondots vn.md). No language question found. Hoa (Chinese) not split by variety."
"LAO","Laos","ethnicity_only","2015","village (Decide/K4D ArcGIS server, 10 ethno-linguistic categories as % of village population)","8499","open_table","50 official ethnic groups in census; village layers give 10 ethno-linguistic categories (Lao, Tai-Thai, Khmuic, Katuic, Bahnaric-Khmer, Palaungic, Vietic, Hmong, Mien, Tibeto-Burman) + 4 families","'With proper citation of the data sources, the data can be used freely' (item metadata)","https://gis.cde.unibe.ch/gis/rest/services/Decide?f=json","2005 census, same village layers (10,520 villages)","2011 agricultural census: main/second/third ethnicity per village (same server)","checked","Services e.g. Decide/laos_2015_pcnt_population_ethno_linguistic_category_lao; listed 2026-10-03. Ethnicity is close to language in Laos. Same channel already used by religiondots (la.md). Village level = the finest of any mainland Asian country."
"KHM","Cambodia","mother_tongue","2019","national in the final report (Table 2.7.1); province tables not seen","1","pdf","Khmer, Vietnamese, Chinese, Lao, Thai, other foreign, 'minority languages' (indigenous lumped) - 7","","https://www.nis.gov.kh/","2008 and 1998 censuses asked mother tongue; IPUMS 1998-2019 samples with district geography (gated)","IPUMS-I Cambodia microdata (district); CSES surveys","checked","Final report (cached religiondots/data/raw/kh/kh_gpcc2019_final_en.pdf) p53: asked of all persons; Khmer 95.8%, minority languages 2.9%. Province-level mother-tongue tables may be in provincial reports or the 2008 analytical reports; not found. NIS publishes religion only at province (religiondots kh.md)."
"THA","Thailand","home_language","2010","province (provincial PDF reports, assumed)","77","pdf","household language: Thai only / Thai mixed with other / other, with other languages specified; Isan, Northern and Southern Thai are counted as Thai","","https://unstats.un.org/unsd/demographic/sources/census/quest/THA2010en.pdf","2000 census language (Wikipedia 'Languages of Thailand' tables 2000/2010 national counts)","Ethnolinguistic Maps of Thailand (Office of the National Culture Commission, 2004) by province","checked","Questionnaire seen: item g 'Household language(s)' is a HOUSEHOLD-level question (one answer per household, not per person). Regional Tai languages are folded into 'Thai', so the largest minority languages (Isan ~15-20M) are invisible. 2020 census was register-based; language not checked."
"MMR","Myanmar","ethnicity_only","2018","township (GAD 2018 Township Profiles, admin records, not census)","330","uscb_hdx","33 named ethnic groups + foreign + other (Burmese, Karen, Shan, Rakhine, Mon, Chin, Pa'o, Kachin, Palaung, Danu, Lahu, Kayah, Naga, Kokang, Intha, Wa, Akha ...)","CC BY (HDX listing)","https://data.humdata.org/dataset/burma-subnational-boundaries-and-tabular-data","2014 census asked ethnicity (135 codes) but the ethnicity results were never released; no language question","this GAD layer; MIMU township profiles directly","checked","USCB workbook sheet 'Ethnicity' (MM_ETHNICITY_2018record_uscb_202003), boundaries in the same gdb, national/state/district/township rows. Totals 47.8M. Politically loaded: Rohingya absent as a category (inside 'other'/'foreign'), Chinese only 5,638 nationally (clearly undercounted, GAD counts citizens' recorded race). Administrative records, not self-report."
"MYS","Malaysia","ethnicity_only","2020","district (4 broad groups) and mukim; ~20 sub-ethnic groups at state only","160","open_table","state tables: Malay, Orang Asli (Negrito/Senoi/Proto-Malay), Kadazan-Dusun, Bajau, Murut, other Sabah, Iban, Bidayuh, Melanau, other Sarawak, Chinese, Indian, other, non-citizens","OpenDOSM CC BY 4.0 (for district data)","https://open.dosm.gov.my/","1970/1980 censuses had Chinese dialect groups (IPUMS ETHNICMY); 2010 also listed Chinese subgroups (not verified)","ethnicity crosswalk; Chinese varieties (Hokkien/Hakka/Cantonese/Teochew) not recoverable from 2020 tables","checked","State workbooks 'JADUAL 1 HINGGA 16' (cached religiondots/data/raw/my) Table 5 'sub-ethnic group' by state. District/mukim tables carry the 4 broad groups only. Non-citizens (8% in Selangor) have no ethnicity."
"SGP","Singapore","home_language","2020","planning area (TableBuilder / data.gov.sg), assumed by analogy with the religion table","31","open_table","language most frequently spoken at home: English, Mandarin, Chinese dialects, Malay, Tamil, other (~6); national tables split dialects (Hokkien, Cantonese, Teochew...)","Singapore Open Data Licence","https://data.gov.sg/datasets/d_2a1a771fe8515745d21ee64e43d6b46d/view","2010 census, GHS 2015","","reported","Most and second-most frequently spoken language at home, residents 5+. The religion-by-planning-area table exists only on data.gov.sg/TableBuilder (religiondots sg.md) and the language one is expected in the same series but its dataset id was not found (data.gov.sg search is JS). 55 planning areas, ~31 populated."
"BRN","Brunei","home_language","2021","unknown; not in the cached A-C annex tables","","pdf","language mainly spoken at home (one answer): Malay, English, Chinese, Arabic, other (5)","","https://deps.mofe.gov.bn/","","ethnicity (Malay/Chinese/other) by district/mukim","checked","Questionnaire item E27 seen (cached religiondots/data/raw/bn/bpp2021_questionnaire.pdf). Five categories lump Brunei Malay, Kedayan, Dusun, Iban, Murut into 'Malay'/'other'."
"IDN","Indonesia","home_language","2010","province (2010 BPS publication); 2020 long form regency table only has Indonesian vs regional vs foreign","34","pdf","2010: daily language at home with detailed local-language codes (hundreds); 2020 LF: first language Indonesian / regional / foreign / sign (4) and ability to speak Indonesian","2020 USCB file CC BY","https://data.humdata.org/dataset/indonesia-subnational-population-and-housing-data-tables","1980/1990/1995/2010 in IPUMS (LANGID: Indonesian, else local language, else foreign); 2010 IPUMS 10% sample identifies regency (gated)","2010 ethnicity (suku, ~1,300 codes) by province (BPS 'Kewarganegaraan, Suku Bangsa, Agama dan Bahasa Sehari-hari', 2011); IPUMS 2010 microdata by regency","checked","USCB workbook indonesia_uscb_202405.xlsx sheet 'Language' (515 regencies) read 2026-10-03: columns LNG_1STIN/1STRG/1STFOR/1STSGN only, so the 2020 regency table cannot say WHICH regional language. sensus.bps.go.id SP2010 open tables have religion to kecamatan but only 'ability to speak Indonesian' for language. Note the 2010 item is Indonesian-first: anyone using Indonesian daily is coded Indonesian."
"PHL","Philippines","ethnicity_only","2020","province / highly urbanised city (census tabulation tier)","116","uscb_hdx","~290 ethnic groups, largely ethnolinguistic (Tagalog, Cebuano, Ilocano, Hiligaynon, Bikol, Waray, Kapampangan ... plus many indigenous peoples)","US federal work, public on HDX","https://data.humdata.org/dataset/philippines-subnational-population-and-housing-data-tables","1990 census asked mother tongue (IPUMS MTONGPH) and home language (LANGPH); 2000 and 2010 ethnicity","ethnicity -> language crosswalk is near-identity in the Philippines; IPUMS 1990 microdata (gated)","checked","Layer PH_ETHNICITY_2020census_uscb_202402 in the USCB gdb (cached religiondots/data/raw/ph): 134 rows x 292 columns (ETH_*), national + 17 regions + 116 provinces/HUCs. Ethnicity 'by blood', so Manila migrants keep their home group; IPUMS says ETHNICPH and MTONGPH are 'likely comparable'. Province is coarse but the categories are the richest in the region."
"TLS","Timor-Leste","mother_tongue","2022","municipality, perhaps administrative post (not verified)","14","pdf","mother tongue: Tetum, Mambai, Makasae, Tetum-Terik, Baikenu, Kemak, Bunak, Tokodede, Fataluku, Waima'a, Galoli, Naueti, Idalaka, Makalero, Portuguese, Indonesian, English, other (~30)","","https://inetl-ip.gov.tl/","2010 and 2015 asked mother tongue; 2010 vol 3 had it by district and sub-district (from memory)","","guess","Not checked this sweep. religiondots tl.md: 2022 main report has almost no sub-national geography, municipality yearbooks carry some tables; a REDATAM server at 20.6.104.113 was offline in Sept 2026 and would give suco level if it came back."
"AUS","Australia","home_language","2021","SA1 (General Community Profile DataPacks, table G13); full classification at SA2 via TableBuilder","61845","open_table","DataPack G13: ~45 named languages + other; TableBuilder: ASCL 2016, 505 four-digit languages incl. ~160 Aboriginal and Torres Strait Islander languages","CC BY 4.0","https://www.abs.gov.au/census/guide-census-data/census-dictionary/2021/variables-topic/cultural-diversity/language-used-home-lanp","every census since 1976","","checked","'Does the person use a language other than English at home?' Single response, the one used most often. English-only speakers are 'English'. G13 file names confirmed in the cached SA2 DataPack (religiondots/data/raw/au). TableBuilder needs a free account."
"NZL","New Zealand","languages_spoken","2023","SA2 (Aotearoa Data Explorer); meshblock-level counts for main languages possible","2300","open_table","multi-response 'languages you can have a conversation about everyday things in': English, Maori, Samoan, NZ Sign, Hindi, Northern Chinese, Yue, Tongan... (~100+ at level 3)","CC BY 4.0","https://explore.data.stats.govt.nz/","2018, 2013 same item","","reported","No single first language: a person reports every language they can converse in, so counts sum above the population and English is near-universal. For a first-language map you would have to assign each person one language (e.g. non-English if present). religiondots nz.md lists CEN23_* tables at SA2."
"PNG","Papua New Guinea","none","2011","province/district (literacy by language only)","22","pdf","literacy (read and write) in English, Tok Pisin, Hiri Motu, 'Tokples' (any local language, lumped)","","https://www.nso.gov.pg/","1980 census: language most often spoken at home, urban persons 10+ (IPUMS LANGPG1) and language spoken at market (LANGPG2)","Ethnologue/Glottolog language areas; no count source for ~840 languages","checked","2011 national report (cached religiondots/data/raw/pg) glossary: literacy in English, Pidgin, Motu or Tokples; no spoken/home language item. 2024 census final figures cached, no language found. Only 1980 urban sample ever asked home language."
"FJI","Fiji","ethnicity_only","2017","province / tikina","14","pdf","iTaukei, Indo-Fijian, Rotuman, other (4-6)","","https://www.statsfiji.gov.fj/","IPUMS ETHNICFJ 1966-2014 (ethnicity only)","iTaukei -> Fijian, Indo-Fijian -> Fiji Hindi, Rotuman -> Rotuman; Fijian dialects not counted","checked","Text scan of 2017 releases 1-3 (cached religiondots/data/raw/fj) found no language table or question. Ethnicity reporting was restricted after 2007; 2017 release ethnicity availability by province not re-verified."
"SLB","Solomon Islands","mother_tongue","2019","national per language (Table 9.6.1-9.6.3); Pidgin-as-first-language share by province (figure only)","1","pdf","first language learnt as a child, ~70 local languages named in tables (Kwara'ae 50,506, Are'are, Lau, Kwaio, Gela, Lengo, Roviana ...) + Pidgin","","https://www.statistics.gov.sb/","1999 and 1976 asked first language (not 2009)","each language is local to one province/island, so national counts + language area polygons (Glottolog) would place most dots; microdata on SPC Pacific Data Hub microdata library (application)","checked","2019 national report vol 1 (cached religiondots/data/raw/sb) section 9.6: 'What is the first language this person learnt as a child?', age 5+. Pidgin 101,588 (16.1%), 47% in Honiara. Literacy by language by province (English/Pidgin/local/other) in vol 2 P9.8."
"VUT","Vanuatu","mother_tongue","2020","area council (Table 6.16)","72","pdf","first language learnt to speak: English, French, Bislama, Indigenous (vernacular, all ~110 lumped), not stated (5)","","https://vnso.gov.vu/","2009 census: language mostly spoken at home","vernacular split only via language areas (Glottolog/Francois et al.)","checked","2020 basic tables vol 1 (cached religiondots/data/raw/vu) Table 6.16, population 3+ in private households, by area council. Indigenous languages are one category, so a map shows only Bislama vs vernacular vs English/French."
"WSM","Samoa","unknown","2021","","","none","","","https://www.sbs.gov.ws/","","effectively all Samoan-speaking","guess","2021 census Excel tables (49 sheets, cached religiondots/data/raw/ws) scanned 2026-10-03: no language or ethnicity table, only citizenship. Questionnaire not seen."
"TON","Tonga","unknown","2021","","","none","","","https://tongastats.gov.to/","","effectively all Tongan-speaking (Niuafo'ou on one island)","guess","Not checked; only a religion workbook is cached. Earlier censuses reportedly asked languages spoken (unverified)."
"KIR","Kiribati","ability_minority","2020","island (if tabulated); not seen","","pdf","'Does X speak English at home?' yes/no only","","https://nso.gov.ki/","","effectively all Gilbertese; Tuvaluan on Kioa is in Fiji not here","checked","2020 census report questionnaire module D (cached religiondots/data/raw/ki/census_report_2020.pdf p140): D9 'Does %name% speak English at home?' plus literacy in any language. No Kiribati/other language item."
"FSM","Federated States of Micronesia","unknown","2010","state (ethnicity table B08)","4","open_table","ethnicity: Chuukese, Pohnpeian, Kosraean, Yapese, outer islanders (Mortlockese, Pingelapese, Mokilese, Ulithian, Woleaian...), other","","https://www.fsmstats.fm/","2000 census asked language spoken at home (from memory, unverified)","ethnicity table B08 by state is effectively a language table (outer-island groups = separate languages)","reported","2010 and 2023 basic-tables workbooks (cached religiondots/data/raw/fm) have ethnicity by state but no language table. Whether the 2023 census asked language not checked."
"MHL","Marshall Islands","unknown","2021","","","none","","","https://www.spc.int/","2011 census possibly asked language (unverified)","effectively all Marshallese","guess","Not checked."
"PLW","Palau","home_language","2020","state (guess)","16","pdf","Palauan, English, Filipino/Tagalog, Chinese, Sonsorolese/Tobian, other (guess)","","https://www.palaugov.pw/executive-branch/ministries/finance/budgetandplanning/census-of-population-and-housing/","","","guess","Not checked. US-style census questionnaires usually include language spoken at home; large Filipino worker population."
"NRU","Nauru","ethnicity_only","2021","district (Table I-1)","14","open_table","ethnicity: Nauruan, other Pacific Islander (Kiribati, Tuvaluan, Fijian...), Asian, other","","https://nbs.gov.nr/","2011 census (language not checked)","ethnicity crosswalk","checked","2021 PHC tables vol 1 (cached religiondots/data/raw/nr) has 'Total population by district and ethnicity' and no language sheet. Language item, if asked, not tabulated there."
"TUV","Tuvalu","unknown","2022","","","none","","","https://stats.gov.tv/","","island of residence: Nui speaks a Kiribati-derived language, the rest Tuvaluan","guess","Not checked."
"NCL","New Caledonia","languages_spoken","2019","commune (ISEE atlas/tables), from secondary sources","33","open_table","speaks / understands a Kanak language, naming 28-29 Kanak languages (Drehu, Nengone, Paici, Xaracuu, Ajie, Iaai...); age 15+","","https://www.isee.nc/population/recensement","2009 and 2014 censuses same item","ethnic community (communaute d'appartenance) by commune, cached as religiondots/data/raw/nc/rp-population-communautes.xls","reported","Asks Kanak-language ability (multi-response, speak vs understand), not a first language; French assumed for everyone. 2019: ~76,000 speakers 15+, Drehu 15,900, Nengone 9,400, Paici 6,500. No question on Wallisian, Tahitian, Vietnamese etc. (guess)."
"PYF","French Polynesia","home_language","2022","commune (ISPF; Wikipedia commune pages quote the per-commune figures)","48","open_table","language most spoken at home: French, Tahitian, Marquesan, Paumotu, Austral languages, Mangarevan, Chinese (mostly Hakka), other; age 15+","","https://www.ispf.pf/publication/1396","2017, 2012 censuses same item","","reported","2022: French 68.5%, Polynesian languages 29.9%, Chinese 1.0% (age 15+). Also asks languages spoken/read/written. Commune-level tables not opened."
"GUM","Guam","home_language","2020","village (US Census Bureau 2020 Island Areas tables)","19","open_table","language spoken at home: English, Chamorro, Filipino languages (Tagalog/Ilocano), Chuukese, other Pacific, Asian languages (~10-15)","US public domain","https://data.census.gov/","2010 Island Areas census same item","","guess","Not checked this sweep. Island Areas use the long-form questionnaire, which carries the language-spoken-at-home item; tables by village on data.census.gov (JS site)."
