cc,lon,lat,status,place,unit,unit_share,why,reviewed
ao,13.04632,-8.97360,unreviewed,"Luanda, AO0516",AO0516,0.431,"one hex at the cap, 43% of the municipality, 16.5 km from Talatona, where Kontur is 14,153/km2",2026-09-14 f95259a4-kontur
ao,13.22732,-8.90777,real,Luanda,AO0508,0.957,"219 hexes, 161 at the cap. peak 7.8 km from Luanda, where Kontur is 46,200/km2; block holds 0.82x the city's figure",2026-09-14 f95259a4-kontur
bd,90.86712,24.46372,unreviewed,"Kishoreganj, BGD_03_05_06",BGD_03_05_06,0.182,"2 hexes, one at the cap, 18% of the upazila, no town within 20 km",2026-09-14 f95259a4-kontur
bd,90.79487,24.24440,unreviewed,"Kishoreganj, BGD_03_05_07",BGD_03_05_07,0.290,"4 hexes, one at the cap, 29% of the upazila, no town within 20 km",2026-09-14 f95259a4-kontur
bd,90.68038,24.32923,unreviewed,"Kishoreganj, BGD_03_05_12",BGD_03_05_12,0.125,"one hex at the cap, 12.5% of the upazila, 17.7 km from Sripur",2026-09-14 f95259a4-kontur
bd,90.78311,24.42944,unreviewed,"Mymensingh division, BGD_03_05_08",BGD_03_05_08,0.393,"10 hexes, one at the cap, 39% of the upazila, no town within 20 km",2026-09-14 f95259a4-kontur
bd,91.10110,22.85782,unreviewed,"Noakhali coast, BGD_02_10_09",BGD_02_10_09,0.367,"10 hexes, one at the cap, 37% of the upazila, 17.6 km from Companiganj",2026-09-14 f95259a4-kontur
bd,91.80545,22.36550,real,Chattogram,BGD_02_04_02,0.741,"98 hexes, 31 at the cap. peak 5.9 km from Chattogram, where Kontur is 46,199/km2; block holds 0.38x the city's figure",2026-09-14 f95259a4-kontur
bd,90.37478,23.76099,real,Dhaka,BGD_03_09_04,0.937,"404 hexes, 289 at the cap. peak 1.3 km from Dhaka, where Kontur is 46,200/km2; block holds 0.70x the city's figure",2026-09-14 f95259a4-kontur
bd,90.40584,23.87131,real,Dhaka,BGD_03_03_01,0.541,"107 hexes, 1 at the cap. peak 13.3 km from Dhaka, where Kontur is 46,200/km2; block holds 0.14x the city's figure",2026-09-14 f95259a4-kontur
bd,90.25336,23.80904,real,Dhaka,BGD_03_01_36,0.084,"7 hexes, 7 at the cap. peak 17.7 km from Dhaka, where Kontur is 46,200/km2; block holds 0.01x the city's figure",2026-09-14 f95259a4-kontur
bd,90.34850,23.72466,real,Dhaka,BGD_03_01_23,0.056,"5 hexes, 2 at the cap. peak 4.5 km from Dhaka, where Kontur is 46,200/km2; block holds 0.01x the city's figure",2026-09-14 f95259a4-kontur
bd,90.51680,23.80865,real,Dhaka,BGD_03_09_05,0.046,"1 hexes, 1 at the cap. peak 11.0 km from Dhaka, where Kontur is 46,200/km2; block holds 0.00x the city's figure",2026-09-14 f95259a4-kontur
bd,90.29349,23.83753,real,Dhaka,BGD_03_01_36,0.036,"3 hexes, 3 at the cap. peak 17.0 km from Dhaka, where Kontur is 46,200/km2; block holds 0.01x the city's figure",2026-09-14 f95259a4-kontur
bd,90.29444,23.85233,real,Dhaka,BGD_03_01_36,0.036,"3 hexes, 3 at the cap. peak 18.7 km from Dhaka, where Kontur is 46,200/km2; block holds 0.01x the city's figure",2026-09-14 f95259a4-kontur
bd,89.91731,24.24729,real,Tangail,BGD_03_13_12,0.266,"6 hexes, 1 at the cap. peak 2.2 km from Tangail, where Kontur is 43,367/km2; block holds 0.40x the city's figure",2026-09-14 f95259a4-kontur
ci,-4.10390,5.37583,real,Abidjan,District D'Abidjan,0.217,"102 hexes, 2 at the cap. peak 10.2 km from Abidjan, where Kontur is 27,354/km2; block holds 0.22x the city's figure",2026-09-14 f95259a4-kontur
ci,-3.95878,5.31148,real,Abidjan,District D'Abidjan,0.151,"52 hexes, 2 at the cap. peak 8.3 km from Abidjan, where Kontur is 27,354/km2; block holds 0.15x the city's figure",2026-09-14 f95259a4-kontur
ci,-4.02158,5.34942,real,Abidjan,District D'Abidjan,0.075,"25 hexes, 2 at the cap. peak 3.9 km from Abidjan, where Kontur is 27,354/km2; block holds 0.08x the city's figure",2026-09-14 f95259a4-kontur
co,-74.26320,8.55317,unreviewed,1 km from Tiquisio,CO13,0.036,"3 hexes, 2 at the cap. peak 1.5 km from Tiquisio, where Kontur is 46,200/km2; block holds 4.00x the city's figure; under 5% of its unit, so not acted on",2026-09-14 f95259a4-kontur
co,-74.80161,10.91627,real,Barranquilla,CO08,0.576,"97 hexes, 6 at the cap. peak 7.6 km from Barranquilla, where Kontur is 22,236/km2; block holds 1.16x the city's figure",2026-09-14 f95259a4-kontur
co,-74.16370,4.57044,real,Bogota,CO11,0.905,"412 hexes, 17 at the cap. peak 19.5 km from Bogota, where Kontur is 46,199/km2; block holds 1.11x the city's figure",2026-09-14 f95259a4-kontur
co,-73.11237,7.12167,real,Bucaramanga,CO68,0.287,"on the city's real centre, where Kontur is at the cap within 1 km; worldcities' point is 12 km east in the hills",2026-09-14 f95259a4-kontur
co,-76.54667,3.45227,real,Cali,CO76,0.434,"115 hexes, 1 at the cap. peak 4.3 km from Cali, where Kontur is 27,649/km2; block holds 0.86x the city's figure",2026-09-14 f95259a4-kontur
co,-72.26838,11.71571,unreviewed,Manaure,CO44,0.094,"5 hexes, 2 at the cap. peak 19.2 km from Manaure, where Kontur is 32,880/km2; block holds 1.52x the city's figure; demoted from real on review: 5 hexes hold 1.5x Manaure's figure, 9.4% of La Guajira",2026-09-14 f95259a4-kontur
co,-74.45998,8.91615,unreviewed,Pinillos,CO13,0.020,"2 hexes, 1 at the cap. peak 0.7 km from Pinillos, where Kontur is 46,199/km2; block holds 1.99x the city's figure; demoted from real on review: 2 hexes hold 2.0x Pinillos' figure",2026-09-14 f95259a4-kontur
co,-75.45267,8.95356,unreviewed,Sahagun,CO23,0.085,"6 hexes, 2 at the cap. peak 0.4 km from Sahagun, where Kontur is 46,199/km2; block holds 1.78x the city's figure; demoted from real on review: 6 hexes hold 1.8x Sahagun's figure",2026-09-14 f95259a4-kontur
eg,32.65227,25.71527,capped,Luxor,EG29,0.608,"73 hexes, 28 at the cap, hold 2,185,844 people, 1.5x the governorate's 1,459,385 (data/geo/eg/eg_lookup.csv)",2026-09-14 f95259a4-kontur
eg,31.69984,26.54732,real,Akhmim,EG26,0.050,"10 hexes, 2 at the cap. peak 4.9 km from Akhmim, where Kontur is 19,409/km2; block holds 0.59x the city's figure",2026-09-14 f95259a4-kontur
eg,31.15755,30.96795,real,Al Mahallah al Kubra,EG16,0.100,"18 hexes, 1 at the cap. peak 0.6 km from Al Mahallah al Kubra, where Kontur is 45,992/km2; block holds 0.99x the city's figure",2026-09-14 f95259a4-kontur
eg,29.92152,31.18980,real,Alexandria,EG02,0.652,"113 hexes, 47 at the cap. peak 3.1 km from Alexandria, where Kontur is 46,200/km2; block holds 0.76x the city's figure",2026-09-14 f95259a4-kontur
eg,31.16992,27.17656,real,Asyut,EG25,0.093,"19 hexes, 2 at the cap. peak 0.9 km from Asyut, where Kontur is 46,200/km2; block holds 1.27x the city's figure",2026-09-14 f95259a4-kontur
eg,31.50298,30.58402,real,Az Zaqaziq,EG13,0.052,"12 hexes, 7 at the cap. peak 1.9 km from Az Zaqaziq, where Kontur is 46,200/km2; block holds 1.42x the city's figure",2026-09-14 f95259a4-kontur
eg,31.54572,30.60954,real,Az Zaqaziq,EG13,0.005,"1 hexes, 1 at the cap. peak 5.6 km from Az Zaqaziq, where Kontur is 46,200/km2; block holds 0.13x the city's figure",2026-09-14 f95259a4-kontur
eg,31.30568,30.10374,real,Cairo,EG01,0.730,"450 hexes, 279 at the cap. peak 8.2 km from Cairo, where Kontur is 45,890/km2; block holds 0.76x the city's figure",2026-09-14 f95259a4-kontur
eg,31.81273,31.43204,real,Damietta,EG11,0.164,"on Damietta city, 1.5 km from its centre, where Kontur is 43,331/km2; worldcities matched Ras el-Barr",2026-09-14 f95259a4-kontur
eg,32.26483,31.25211,real,Port Said,EG03,0.769,"22 hexes, 5 at the cap. peak 3.8 km from Port Said, where Kontur is 31,967/km2; block holds 1.19x the city's figure",2026-09-14 f95259a4-kontur
et,40.01655,11.60358,unreviewed,"Afar, ETH_02_01_04",ETH_02_01_04,0.568,"one hex at the cap, 57% of the woreda, no town within 20 km",2026-09-14 f95259a4-kontur
et,39.54406,13.47245,unreviewed,Mekele outskirts,ETH_11_03_01,0.450,"7 hexes, 3 at the cap, 45% of ETH_11_03_01; 8 km from Mekele's centre, where Kontur is 4,170/km2",2026-09-14 f95259a4-kontur
et,40.66070,5.11777,unreviewed,"Somali, ETH_10_06_02",ETH_10_06_02,0.289,"one hex at the cap, 29% of the woreda, no town within 20 km",2026-09-14 f95259a4-kontur
et,42.19221,7.32036,unreviewed,"Somali, ETH_10_07_04",ETH_10_07_04,0.215,"one hex at the cap, 22% of the woreda, no town within 20 km",2026-09-14 f95259a4-kontur
et,41.19916,9.53043,unreviewed,"Somali, at Bike",ETH_10_09_05,0.299,"one hex at the cap, 30% of ETH_10_09_05, 6x the town's figure",2026-09-14 f95259a4-kontur
et,39.55628,3.45637,unreviewed,"Somali, at Moyale",ETH_10_06_03,0.094,"one hex at the cap, 9% of ETH_10_06_03, no Ethiopian town in worldcities within 20 km",2026-09-14 f95259a4-kontur
et,38.72301,9.04743,real,Addis Ababa,ETH_01_05_01,0.862,"89 hexes, 13 at the cap. peak 2.8 km from Addis Ababa, where Kontur is 46,200/km2; block holds 0.59x the city's figure",2026-09-14 f95259a4-kontur
et,37.39561,11.58237,real,Bahir Dar,ETH_03_03_01,0.638,"12 hexes, 5 at the cap. peak 2.5 km from Bahir Dar, where Kontur is 46,199/km2; block holds 1.23x the city's figure",2026-09-14 f95259a4-kontur
et,43.53191,5.80028,real,Gode,ETH_10_08_01,0.292,"2 hexes, 1 at the cap. peak 16.9 km from Gode, where Kontur is 18,396/km2; block holds 0.13x the city's figure",2026-09-14 f95259a4-kontur
gn,-13.54230,9.64433,capped,"Conakry, northeast edge",Conakry,0.443,"53 hexes, 15 at the cap, 44% of Conakry, 24 km from Kaloum; Kontur within 1 km of Kaloum peaks at 6,732/km2 and of Ratoma at 5,489/km2",2026-09-14 f95259a4-kontur
gn,-13.54917,9.68210,capped,"Conakry, northeast edge, second piece",Conakry,0.014,"one hex at the cap 4 km north of the main block, same cause",2026-09-14 f95259a4-kontur
hk,114.19429,22.29268,real,Hong Kong,B,0.419,"4 hexes, 3 at the cap. peak 0.8 km from Hong Kong, where Kontur is 46,200/km2; block holds 0.02x the city's figure",2026-09-14 f95259a4-kontur
hk,114.17756,22.33209,real,Hong Kong,E,0.352,"8 hexes, 8 at the cap. peak 6.1 km from Hong Kong, where Kontur is 46,200/km2; block holds 0.04x the city's figure",2026-09-14 f95259a4-kontur
hk,114.14622,22.33067,real,Hong Kong,F,0.276,"3 hexes, 2 at the cap. peak 8.8 km from Hong Kong, where Kontur is 46,200/km2; block holds 0.01x the city's figure",2026-09-14 f95259a4-kontur
hk,114.15429,22.29286,real,Hong Kong,A,0.264,"3 hexes, 2 at the cap. peak 4.2 km from Hong Kong, where Kontur is 46,200/km2; block holds 0.01x the city's figure",2026-09-14 f95259a4-kontur
hk,114.20022,22.33513,real,Hong Kong,G,0.264,"9 hexes, 9 at the cap. peak 4.9 km from Hong Kong, where Kontur is 46,200/km2; block holds 0.04x the city's figure",2026-09-14 f95259a4-kontur
hk,114.20889,22.33351,real,Hong Kong,G,0.264,"7 hexes, 7 at the cap. peak 4.2 km from Hong Kong, where Kontur is 46,200/km2; block holds 0.03x the city's figure",2026-09-14 f95259a4-kontur
hk,114.26422,22.31593,real,Hong Kong,Q,0.258,"4 hexes, 3 at the cap. peak 5.6 km from Hong Kong, where Kontur is 46,200/km2; block holds 0.02x the city's figure",2026-09-14 f95259a4-kontur
hk,114.16022,22.33532,real,Hong Kong,F,0.256,"3 hexes, 2 at the cap. peak 8.1 km from Hong Kong, where Kontur is 46,200/km2; block holds 0.01x the city's figure",2026-09-14 f95259a4-kontur
hk,114.12612,22.37796,real,Hong Kong,K,0.254,"6 hexes, 4 at the cap. peak 16.6 km from Hong Kong, where Kontur is 46,200/km2; block holds 0.02x the city's figure",2026-09-14 f95259a4-kontur
hk,114.26088,22.32381,real,Hong Kong,Q,0.252,"5 hexes, 4 at the cap. peak 5.0 km from Hong Kong, where Kontur is 46,200/km2; block holds 0.02x the city's figure",2026-09-14 f95259a4-kontur
hk,114.20296,22.29107,real,Hong Kong,B,0.247,"4 hexes, 3 at the cap. peak 1.4 km from Hong Kong, where Kontur is 46,200/km2; block holds 0.02x the city's figure",2026-09-14 f95259a4-kontur
hk,114.15704,22.24878,real,Hong Kong,D,0.235,"2 hexes, 2 at the cap. peak 5.7 km from Hong Kong, where Kontur is 46,200/km2; block holds 0.01x the city's figure",2026-09-14 f95259a4-kontur
hk,114.16889,22.33371,real,Hong Kong,F,0.205,"3 hexes, 3 at the cap. peak 7.1 km from Hong Kong, where Kontur is 46,200/km2; block holds 0.01x the city's figure",2026-09-14 f95259a4-kontur
hk,114.13162,22.28981,real,Hong Kong,A,0.200,"2 hexes, 2 at the cap. peak 6.3 km from Hong Kong, where Kontur is 46,200/km2; block holds 0.01x the city's figure",2026-09-14 f95259a4-kontur
hk,114.14030,22.28820,real,Hong Kong,A,0.200,"2 hexes, 2 at the cap. peak 5.3 km from Hong Kong, where Kontur is 46,200/km2; block holds 0.01x the city's figure",2026-09-14 f95259a4-kontur
hk,114.19155,22.33674,real,Hong Kong,G,0.198,"8 hexes, 8 at the cap. peak 5.7 km from Hong Kong, where Kontur is 46,200/km2; block holds 0.04x the city's figure",2026-09-14 f95259a4-kontur
hk,114.13814,22.36846,real,Hong Kong,S,0.197,"3 hexes, 1 at the cap. peak 14.3 km from Hong Kong, where Kontur is 46,200/km2; block holds 0.01x the city's figure",2026-09-14 f95259a4-kontur
hk,114.16039,22.24089,real,Hong Kong,D,0.182,"2 hexes, 1 at the cap. peak 6.6 km from Hong Kong, where Kontur is 46,200/km2; block holds 0.01x the city's figure",2026-09-14 f95259a4-kontur
hk,114.18348,22.37453,real,Hong Kong,R,0.177,"5 hexes, 2 at the cap. peak 11.5 km from Hong Kong, where Kontur is 46,200/km2; block holds 0.02x the city's figure",2026-09-14 f95259a4-kontur
hk,114.21163,22.28945,real,Hong Kong,C,0.175,"3 hexes, 2 at the cap. peak 2.4 km from Hong Kong, where Kontur is 46,200/km2; block holds 0.01x the city's figure",2026-09-14 f95259a4-kontur
hk,114.21755,22.33190,real,Hong Kong,J,0.173,"3 hexes, 3 at the cap. peak 3.6 km from Hong Kong, where Kontur is 46,200/km2; block holds 0.01x the city's figure",2026-09-14 f95259a4-kontur
hk,114.23291,22.31452,real,Hong Kong,J,0.173,"4 hexes, 3 at the cap. peak 2.7 km from Hong Kong, where Kontur is 46,200/km2; block holds 0.02x the city's figure",2026-09-14 f95259a4-kontur
hk,114.22956,22.32240,real,Hong Kong,J,0.173,"5 hexes, 4 at the cap. peak 2.7 km from Hong Kong, where Kontur is 46,200/km2; block holds 0.02x the city's figure",2026-09-14 f95259a4-kontur
hk,114.22622,22.33028,real,Hong Kong,J,0.173,"3 hexes, 3 at the cap. peak 3.4 km from Hong Kong, where Kontur is 46,200/km2; block holds 0.01x the city's figure",2026-09-14 f95259a4-kontur
hk,114.25221,22.32543,real,Hong Kong,J,0.173,"5 hexes, 5 at the cap. peak 4.3 km from Hong Kong, where Kontur is 46,200/km2; block holds 0.02x the city's figure",2026-09-14 f95259a4-kontur
hk,114.11744,22.37957,real,Hong Kong,K,0.169,"2 hexes, 2 at the cap. peak 17.6 km from Hong Kong, where Kontur is 46,200/km2; block holds 0.01x the city's figure",2026-09-14 f95259a4-kontur
hk,114.12947,22.37007,real,Hong Kong,S,0.167,"4 hexes, 2 at the cap. peak 15.3 km from Hong Kong, where Kontur is 46,200/km2; block holds 0.01x the city's figure",2026-09-14 f95259a4-kontur
hk,114.20280,22.38544,real,Hong Kong,R,0.163,"5 hexes, 2 at the cap. peak 11.7 km from Hong Kong, where Kontur is 46,200/km2; block holds 0.02x the city's figure",2026-09-14 f95259a4-kontur
hk,114.22941,22.41674,real,Hong Kong,R,0.137,"4 hexes, 1 at the cap. peak 14.6 km from Hong Kong, where Kontur is 46,200/km2; block holds 0.01x the city's figure",2026-09-14 f95259a4-kontur
hk,114.22029,22.28784,real,Hong Kong,C,0.122,"2 hexes, 2 at the cap. peak 3.4 km from Hong Kong, where Kontur is 46,200/km2; block holds 0.01x the city's figure",2026-09-14 f95259a4-kontur
hk,114.13970,22.25200,real,Hong Kong,D,0.118,"1 hexes, 1 at the cap. peak 5.7 km from Hong Kong, where Kontur is 46,200/km2; block holds 0.00x the city's figure",2026-09-14 f95259a4-kontur
hk,114.22075,22.41836,real,Hong Kong,R,0.103,"3 hexes, 1 at the cap. peak 15.3 km from Hong Kong, where Kontur is 46,200/km2; block holds 0.01x the city's figure",2026-09-14 f95259a4-kontur
hk,114.22364,22.27995,real,Hong Kong,C,0.100,"2 hexes, 1 at the cap. peak 4.7 km from Hong Kong, where Kontur is 46,200/km2; block holds 0.01x the city's figure",2026-09-14 f95259a4-kontur
hk,114.10146,22.36076,real,Hong Kong,S,0.096,"2 hexes, 1 at the cap. peak 16.7 km from Hong Kong, where Kontur is 46,200/km2; block holds 0.01x the city's figure",2026-09-14 f95259a4-kontur
hk,114.23899,22.26257,real,Hong Kong,C,0.086,"2 hexes, 1 at the cap. peak 8.3 km from Hong Kong, where Kontur is 46,200/km2; block holds 0.01x the city's figure",2026-09-14 f95259a4-kontur
hk,114.23230,22.27834,real,Hong Kong,C,0.086,"2 hexes, 1 at the cap. peak 5.7 km from Hong Kong, where Kontur is 46,200/km2; block holds 0.01x the city's figure",2026-09-14 f95259a4-kontur
hk,114.05411,22.34050,real,Hong Kong,K,0.085,"1 hexes, 1 at the cap. peak 19.0 km from Hong Kong, where Kontur is 46,200/km2; block holds 0.00x the city's figure",2026-09-14 f95259a4-kontur
hk,114.17481,22.37615,real,Hong Kong,R,0.082,"2 hexes, 2 at the cap. peak 12.3 km from Hong Kong, where Kontur is 46,200/km2; block holds 0.01x the city's figure",2026-09-14 f95259a4-kontur
hk,114.27288,22.31431,real,Hong Kong,Q,0.067,"1 hexes, 1 at the cap. peak 6.5 km from Hong Kong, where Kontur is 46,200/km2; block holds 0.00x the city's figure",2026-09-14 f95259a4-kontur
hk,114.19095,22.30056,real,Hong Kong,G,0.066,"1 hexes, 1 at the cap. peak 1.0 km from Hong Kong, where Kontur is 46,200/km2; block holds 0.00x the city's figure",2026-09-14 f95259a4-kontur
hk,114.24765,22.26096,real,Hong Kong,C,0.061,"1 hexes, 1 at the cap. peak 9.3 km from Hong Kong, where Kontur is 46,200/km2; block holds 0.00x the city's figure",2026-09-14 f95259a4-kontur
hk,114.14682,22.36685,real,Hong Kong,R,0.041,"1 hexes, 1 at the cap. peak 13.3 km from Hong Kong, where Kontur is 46,200/km2; block holds 0.00x the city's figure",2026-09-14 f95259a4-kontur
hk,114.16082,22.37150,real,Hong Kong,R,0.041,"1 hexes, 1 at the cap. peak 12.8 km from Hong Kong, where Kontur is 46,200/km2; block holds 0.00x the city's figure",2026-09-14 f95259a4-kontur
hk,114.16279,22.38564,real,Hong Kong,R,0.041,"1 hexes, 1 at the cap. peak 14.6 km from Hong Kong, where Kontur is 46,200/km2; block holds 0.00x the city's figure",2026-09-14 f95259a4-kontur
hk,114.17146,22.38403,real,Hong Kong,R,0.041,"1 hexes, 1 at the cap. peak 13.7 km from Hong Kong, where Kontur is 46,200/km2; block holds 0.00x the city's figure",2026-09-14 f95259a4-kontur
hk,114.17602,22.44847,real,Kowloon,P,0.141,"2 hexes, 1 at the cap. peak 18.8 km from Kowloon, where Kontur is 46,200/km2; block holds 0.02x the city's figure",2026-09-14 f95259a4-kontur
hk,114.17267,22.45634,real,Sha Tin,P,0.270,"3 hexes, 2 at the cap. peak 11.8 km from Sha Tin, where Kontur is 46,199/km2; block holds 0.13x the city's figure",2026-09-14 f95259a4-kontur
hk,114.15867,22.45170,real,Sha Tin,P,0.191,"3 hexes, 1 at the cap. peak 12.2 km from Sha Tin, where Kontur is 46,199/km2; block holds 0.09x the city's figure",2026-09-14 f95259a4-kontur
hk,114.14191,22.49109,real,Sha Tin,N,0.136,"3 hexes, 1 at the cap. peak 18.8 km from Sha Tin, where Kontur is 46,199/km2; block holds 0.11x the city's figure",2026-09-14 f95259a4-kontur
hk,114.13323,22.49270,real,Sha Tin,N,0.120,"2 hexes, 1 at the cap. peak 19.8 km from Sha Tin, where Kontur is 46,199/km2; block holds 0.09x the city's figure",2026-09-14 f95259a4-kontur
hk,113.97651,22.39118,real,Tin Shui Wai,L,0.235,"4 hexes, 3 at the cap. peak 8.3 km from Tin Shui Wai, where Kontur is 46,200/km2; block holds 0.42x the city's figure",2026-09-14 f95259a4-kontur
hk,114.00039,22.46662,real,Tin Shui Wai,M,0.145,"3 hexes, 3 at the cap. peak 1.0 km from Tin Shui Wai, where Kontur is 46,200/km2; block holds 0.35x the city's figure",2026-09-14 f95259a4-kontur
hk,114.00908,22.46501,real,Tin Shui Wai,M,0.145,"3 hexes, 3 at the cap. peak 0.6 km from Tin Shui Wai, where Kontur is 46,200/km2; block holds 0.35x the city's figure",2026-09-14 f95259a4-kontur
hk,113.96979,22.40695,real,Tin Shui Wai,L,0.140,"3 hexes, 1 at the cap. peak 6.0 km from Tin Shui Wai, where Kontur is 46,200/km2; block holds 0.25x the city's figure",2026-09-14 f95259a4-kontur
hk,114.00236,22.48076,real,Tin Shui Wai,M,0.076,"2 hexes, 1 at the cap. peak 2.9 km from Tin Shui Wai, where Kontur is 46,200/km2; block holds 0.18x the city's figure",2026-09-14 f95259a4-kontur
hk,114.02449,22.44763,real,Tin Shui Wai,M,0.073,"2 hexes, 1 at the cap. peak 3.6 km from Tin Shui Wai, where Kontur is 46,200/km2; block holds 0.17x the city's figure",2026-09-14 f95259a4-kontur
hk,114.12712,22.54459,real,Tin Shui Wai,N,0.066,"1 hexes, 1 at the cap. peak 11.0 km from Tin Shui Wai, where Kontur is 46,200/km2; block holds 0.12x the city's figure",2026-09-14 f95259a4-kontur
hk,113.96110,22.40855,real,Tin Shui Wai,L,0.065,"1 hexes, 1 at the cap. peak 5.7 km from Tin Shui Wai, where Kontur is 46,200/km2; block holds 0.12x the city's figure",2026-09-14 f95259a4-kontur
hk,113.97987,22.38330,real,Tin Shui Wai,L,0.065,"1 hexes, 1 at the cap. peak 9.5 km from Tin Shui Wai, where Kontur is 46,200/km2; block holds 0.12x the city's figure",2026-09-14 f95259a4-kontur
hk,114.00711,22.45086,real,Tin Shui Wai,M,0.048,"1 hexes, 1 at the cap. peak 1.6 km from Tin Shui Wai, where Kontur is 46,200/km2; block holds 0.12x the city's figure",2026-09-14 f95259a4-kontur
hk,114.06574,22.51977,real,Tin Shui Wai,M,0.048,"1 hexes, 1 at the cap. peak 6.8 km from Tin Shui Wai, where Kontur is 46,200/km2; block holds 0.12x the city's figure",2026-09-14 f95259a4-kontur
hk,113.93469,22.28265,real,Tsing Yi Town,T,0.224,"1 hexes, 1 at the cap. peak 13.6 km from Tsing Yi Town, where Kontur is 46,199/km2; block holds 0.17x the city's figure",2026-09-14 f95259a4-kontur
ht,-72.85411,18.42782,real,Petit-Goave,HT01,0.034,"8 hexes, 2 at the cap; Kontur puts 110,836 people within 1 km of the town centre, more than within 1 km of central Port-au-Prince (100,774). REVIEWED 2026-09-14 f95259a4-house: was capped; moved to the commune scale. The whole commune is high on every grid (Kontur 304,821, WorldPop 2020 292,091 and 292,951, against COD-PS 194,867), and the cap drew the town at farmland density while leaving the commune at 0.68x its share. countries.py::_HT_COMMUNE_LEVEL now scales the commune to its COD-PS share of Ouest and the block keeps Kontur's shape inside it (sources/ht.md §12.6)",2026-09-14 f95259a4-house
ht,-72.87353,18.83568,real,Anse a Galets,HT01,0.022,"5 hexes, 3 at the cap. peak 0.7 km from Anse a Galets, where Kontur is 46,200/km2; block holds 1.60x the city's figure. REVIEWED 2026-09-14 f95259a4-clht: the block is the town; what is false is the level of the whole commune (Kontur 273,795 against COD-PS 70,156, and both WorldPop 2020 rasters agree with Kontur). countries.py::_HT_COMMUNE_LEVEL scales the commune to its COD-PS share, which leaves the town about 37% of it; capping the block as well would draw the island's main town at farmland density (sources/ht.md §12)",2026-09-14 f95259a4-clht
ht,-72.36208,18.53206,real,Port-au-Prince,HT01,0.292,"86 hexes, 9 at the cap. peak 3.1 km from Port-au-Prince, where Kontur is 46,200/km2; block holds 1.36x the city's figure",2026-09-14 f95259a4-kontur
ht,-72.28643,18.50825,real,Port-au-Prince,HT01,0.008,"2 hexes, 1 at the cap. peak 4.7 km from Port-au-Prince, where Kontur is 46,200/km2; block holds 0.04x the city's figure",2026-09-14 f95259a4-kontur
ht,-72.27357,18.50228,real,Port-au-Prince,HT01,0.006,"1 hexes, 1 at the cap. peak 6.0 km from Port-au-Prince, where Kontur is 46,200/km2; block holds 0.03x the city's figure",2026-09-14 f95259a4-kontur
id,139.06435,-3.66841,capped,"Papua highlands, regency 9431010",9431010,0.767,"7 hexes, one at the cap, 77% of the regency; no town in worldcities within 20 km",2026-09-14 f95259a4-kontur
id,139.38563,-3.76982,capped,"Papua highlands, regency 9432040",9432040,0.700,"5 hexes peaking at 42,483/km2, below the cap, 70% of the regency; no town within 20 km. Registered so the fix reaches it; the guard alone would not",2026-09-14 f95259a4-kontur
iq,44.37766,33.66598,unreviewed,18 km from At Taji,IQG08,0.008,"3 hexes, 1 at the cap. peak 18.3 km from At Taji, where Kontur is 10,457/km2; block holds 0.35x the city's figure; under 5% of its unit, so not acted on",2026-09-14 f95259a4-kontur
iq,44.38601,33.66131,unreviewed,18 km from At Taji,IQG08,0.008,"3 hexes, 1 at the cap. peak 18.2 km from At Taji, where Kontur is 10,457/km2; block holds 0.34x the city's figure; under 5% of its unit, so not acted on",2026-09-14 f95259a4-kontur
ke,36.78661,-1.30918,real,Nairobi,047,0.027,"5 hexes, 2 at the cap. peak 4.3 km from Nairobi, where Kontur is 14,096/km2; block holds 0.03x the city's figure",2026-09-14 f95259a4-kontur
ke,36.92279,-1.21109,real,"Nairobi, Kasarani east",047,0.055,Nairobi's dense estates; worldcities' point is the CBD,2026-09-14 f95259a4-kontur
ke,36.75077,-1.27917,real,"Nairobi, Kawangware",047,0.084,Nairobi's dense estates; worldcities' point is the CBD,2026-09-14 f95259a4-kontur
ke,36.86745,-1.24518,real,"Nairobi, Mathare and Kasarani",047,0.509,"Nairobi's dense estates; worldcities' point is the CBD, where Kontur is 14,096/km2",2026-09-14 f95259a4-kontur
ke,36.84658,-1.21307,real,"Nairobi, north",047,0.021,Nairobi's dense estates; worldcities' point is the CBD,2026-09-14 f95259a4-kontur
kh,104.91917,11.56047,real,Phnom Penh,KH12,0.373,"40 hexes, 1 at the cap. peak 1.0 km from Phnom Penh, where Kontur is 46,200/km2; block holds 0.41x the city's figure",2026-09-14 f95259a4-kontur
mm,95.64724,16.73228,unreviewed,0 km from Maubin,MMR017,0.025,"6 hexes, 2 at the cap. peak 0.5 km from Maubin, where Kontur is 46,200/km2; block holds 3.13x the city's figure; under 5% of its unit, so not acted on",2026-09-14 f95259a4-kontur
mm,95.96262,17.31046,unreviewed,"MMR013, no city within 20 km",MMR013,0.013,"3 hexes, 1 at the cap. no city in worldcities within 20 km; under 5% of its unit, so not acted on",2026-09-14 f95259a4-kontur
mm,95.92996,16.71260,unreviewed,"MMR013, no city within 20 km",MMR013,0.010,"3 hexes, 1 at the cap. no city in worldcities within 20 km; under 5% of its unit, so not acted on",2026-09-14 f95259a4-kontur
mm,95.27431,16.37511,unreviewed,"MMR017, no city within 20 km",MMR017,0.030,"6 hexes, 3 at the cap. no city in worldcities within 20 km; under 5% of its unit, so not acted on",2026-09-14 f95259a4-kontur
mm,95.40546,16.29590,unreviewed,"MMR017, no city within 20 km",MMR017,0.022,"4 hexes, 2 at the cap. no city in worldcities within 20 km; under 5% of its unit, so not acted on",2026-09-14 f95259a4-kontur
mm,95.58839,17.25850,unreviewed,"MMR017, no city within 20 km",MMR017,0.006,"1 hexes, 1 at the cap. no city in worldcities within 20 km; under 5% of its unit, so not acted on",2026-09-14 f95259a4-kontur
mm,97.63641,16.88996,real,Hpa-An,MMR003,0.048,"3 hexes, 1 at the cap. peak 0.4 km from Hpa-An, where Kontur is 46,200/km2; block holds 0.19x the city's figure",2026-09-14 f95259a4-kontur
mm,94.75582,16.14373,unreviewed,Labutta,MMR017,0.012,"2 hexes, 1 at the cap. peak 0.5 km from Labutta, where Kontur is 46,199/km2; block holds 1.64x the city's figure; demoted from real on review: 2 hexes hold 1.6x Labutta's figure",2026-09-14 f95259a4-kontur
mm,95.74802,17.78408,real,Letpandan,MMR111,0.013,"2 hexes, 1 at the cap. peak 0.3 km from Letpandan, where Kontur is 46,200/km2; block holds 0.39x the city's figure",2026-09-14 f95259a4-kontur
mm,96.14339,16.77553,real,Rangoon,MMR013,0.140,"49 hexes, 5 at the cap. peak 2.3 km from Rangoon, where Kontur is 46,199/km2; block holds 0.22x the city's figure",2026-09-14 f95259a4-kontur
mm,96.12699,16.80791,real,Rangoon,MMR013,0.030,"8 hexes, 3 at the cap. peak 4.4 km from Rangoon, where Kontur is 46,199/km2; block holds 0.05x the city's figure",2026-09-14 f95259a4-kontur
mm,96.56108,16.90136,unreviewed,Thongwa,MMR013,0.012,"4 hexes, 1 at the cap. peak 16.6 km from Thongwa, where Kontur is 33,374/km2; block holds 1.84x the city's figure; demoted from real on review: 4 hexes hold 1.8x Thongwa's figure, 16.6 km from it",2026-09-14 f95259a4-kontur
mw,33.72123,-14.01890,real,Lilongwe,MW210,0.055,"3 hexes, 1 at the cap. peak 8.3 km from Lilongwe, where Kontur is 25,850/km2; block holds 0.08x the city's figure",2026-09-14 f95259a4-kontur
mz,36.56682,-14.80657,real,Cuamba,MZ01,0.023,"2 hexes, 1 at the cap. peak 2.3 km from Cuamba, where Kontur is 19,539/km2; block holds 0.72x the city's figure",2026-09-14 f95259a4-kontur
ng,11.22975,10.28709,capped,"Gombe, east of the town",NG016,0.063,"7 hexes, 6 at the cap, 6.5 km east of the centre in farmland; Kontur within 5 km of the centre never exceeds 4,859/km2",2026-09-14 f95259a4-kontur
ng,11.22737,10.32415,capped,"Gombe, northeast of the town, second piece",NG016,0.044,"5 hexes, 4 at the cap, 7.2 km from the centre, same cause",2026-09-14 f95259a4-kontur
ng,6.75327,6.08508,unreviewed,10 km from Onitsha,NG004,0.032,"11 hexes, 1 at the cap. peak 9.6 km from Onitsha, where Kontur is 3,636/km2; block holds 0.13x the city's figure; under 5% of its unit, so not acted on",2026-09-14 f95259a4-kontur
ng,6.86663,4.74977,unreviewed,16 km from Choba,NG033,0.003,"1 hexes, 1 at the cap. peak 16.1 km from Choba, where Kontur is 4,462/km2; block holds 1.03x the city's figure; under 5% of its unit, so not acted on",2026-09-14 f95259a4-kontur
ng,6.85586,4.74025,unreviewed,17 km from Choba,NG033,0.016,"6 hexes, 3 at the cap. peak 17.4 km from Choba, where Kontur is 4,462/km2; block holds 5.08x the city's figure; under 5% of its unit, so not acted on",2026-09-14 f95259a4-kontur
ng,8.24567,4.81520,unreviewed,"NG003, no city within 20 km",NG003,0.025,"6 hexes, 4 at the cap. no city in worldcities within 20 km; under 5% of its unit, so not acted on",2026-09-14 f95259a4-kontur
ng,6.17755,7.52485,unreviewed,"Okene, southwest of the town",NG023,0.068,"12 hexes, 11 at the cap, 6.8% of Kogi; 6.7 km from the centre, where Kontur peaks at 11,811/km2",2026-09-14 f95259a4-kontur
ng,6.12312,7.54218,unreviewed,"Okene, west, single hex",NG012,0.006,"one hex at the cap, 12 km from Okene",2026-09-14 f95259a4-kontur
ng,6.14725,7.55479,unreviewed,"Okene, west, single hex",NG023,0.006,"one hex at the cap, 9.5 km from Okene",2026-09-14 f95259a4-kontur
ng,8.50127,11.99792,real,Kano,NG020,0.196,"145 hexes, 17 at the cap. peak 1.7 km from Kano, where Kontur is 46,200/km2; block holds 1.42x the city's figure",2026-09-14 f95259a4-kontur
ng,8.51701,11.89137,real,Kano,NG020,0.002,"1 hexes, 1 at the cap. peak 12.0 km from Kano, where Kontur is 46,200/km2; block holds 0.02x the city's figure",2026-09-14 f95259a4-kontur
ng,3.32131,6.52935,real,Lagos,NG025,0.628,"547 hexes, 83 at the cap. peak 10.8 km from Lagos, where Kontur is 17,243/km2; block holds 0.53x the city's figure",2026-09-14 f95259a4-kontur
ng,3.30061,6.49040,real,Lagos,NG025,0.002,"1 hexes, 1 at the cap. peak 10.1 km from Lagos, where Kontur is 17,243/km2; block holds 0.00x the city's figure",2026-09-14 f95259a4-kontur
ng,3.32994,6.42253,real,Lagos,NG025,0.002,"1 hexes, 1 at the cap. peak 7.0 km from Lagos, where Kontur is 17,243/km2; block holds 0.00x the city's figure",2026-09-14 f95259a4-kontur
ng,6.22735,7.52251,unreviewed,Okene,NG023,0.006,"1 hexes, 1 at the cap. peak 3.1 km from Okene, where Kontur is 11,811/km2; block holds 0.09x the city's figure; demoted from real on review: single hex at the cap beside Okene, like the other Okene hexes",2026-09-14 f95259a4-kontur
np,86.00052,26.66181,unreviewed,"Dhanusha, 8.5 km southeast of Janakpur",NP0217310,0.390,"2 hexes, one at the cap, 39% of NP0217310; Kontur within 1 km of Janakpur peaks at 1,237/km2",2026-09-14 f95259a4-kontur
np,87.28312,26.57132,unreviewed,"Morang, 15 km from Biratnagar",NP0106304,0.438,"5 hexes, 2 at the cap, 44% of NP0106304; passes the distance test at 2.9x but has Parsa's shape",2026-09-14 f95259a4-kontur
np,84.74532,27.04583,unreviewed,"Parsa, 16 km west of Birganj, second piece",NP0234409,0.439,"one hex at the cap, 44% of NP0234409; same place as the block beside it",2026-09-14 f95259a4-kontur
np,84.74095,27.05285,unreviewed,"Parsa, 17 km west of Birganj",NP0234408,0.758,"6 hexes, 5 at the cap, 76% of NP0234408; Kontur at Birganj's centre is 3,574/km2",2026-09-14 f95259a4-kontur
np,85.29464,27.69083,real,Kathmandu,NP0327101,0.965,"the Kathmandu valley; worldcities' 845,767 is the city proper, so the 2.6x ratio misfires",2026-09-14 f95259a4-kontur
pe,-76.98853,-12.05290,real,Lima,PE150132,0.479,"185 hexes, 3 at the cap. peak 5.2 km from Lima, where Kontur is 20,194/km2; block holds 0.34x the city's figure",2026-09-14 f95259a4-kontur
pk,68.34624,25.36907,real,Hyderabad City,PAK_GEO1_06_01_03,0.620,"71 hexes, 14 at the cap. peak 2.0 km from Hyderabad City, where Kontur is 46,200/km2; block holds 0.93x the city's figure",2026-09-14 f95259a4-kontur
pk,67.08618,24.83584,real,Karachi,PAK_GEO1_06_02_04,0.599,"486 hexes, 227 at the cap. peak 9.4 km from Karachi, where Kontur is 46,200/km2; block holds 0.80x the city's figure",2026-09-14 f95259a4-kontur
pk,67.17149,24.87651,real,Karachi,PAK_GEO1_06_02_05,0.173,"18 hexes, 1 at the cap. peak 15.5 km from Karachi, where Kontur is 46,200/km2; block holds 0.03x the city's figure",2026-09-14 f95259a4-kontur
tr,27.14777,38.35954,unreviewed,7 km from Izmir,TR3,0.020,"8 hexes, 2 at the cap. peak 7.2 km from Izmir, where Kontur is 11,940/km2; block holds 0.05x the city's figure; under 5% of its unit, so not acted on",2026-09-14 f95259a4-kontur
tr,29.01655,40.20595,real,Bursa,TR4,0.049,"15 hexes, 5 at the cap. peak 4.4 km from Bursa, where Kontur is 18,833/km2; block holds 0.14x the city's figure",2026-09-14 f95259a4-kontur
tr,28.98341,41.09645,real,Istanbul,TR1,0.375,"229 hexes, 105 at the cap. peak 9.2 km from Istanbul, where Kontur is 26,844/km2; block holds 0.42x the city's figure",2026-09-14 f95259a4-kontur
tr,28.84880,40.97084,real,Istanbul,TR1,0.002,"1 hexes, 1 at the cap. peak 8.7 km from Istanbul, where Kontur is 26,844/km2; block holds 0.00x the city's figure",2026-09-14 f95259a4-kontur
tr,32.61778,39.94427,real,Kecioren,TR5,0.053,"17 hexes, 3 at the cap. peak 19.9 km from Kecioren, where Kontur is 26,561/km2; block holds 0.49x the city's figure",2026-09-14 f95259a4-kontur
tz,39.26848,-6.80800,real,Dar es Salaam,TZ07,0.550,"177 hexes, 36 at the cap, 4,447,234 people. point 1.9 km from the city centre, in the continuously built inner city; block holds 0.83x the region's 2022 census count, and Kontur carries 1.50x the census across the whole region, so its excess is city-wide rather than a displaced block",2026-09-14 f95259a4-tz
uz,69.24231,41.18865,capped,"Tashkent city, southern districts",UZ26,0.580,"peak 15.6 km south of the centre, where Kontur is 2,432/km2; 11 hexes at the cap, 58% of the city's weight",2026-09-14 f95259a4-kontur
uz,69.32903,41.18363,capped,"Tashkent region, beside the city block",UZ27,0.028,"the same block as the city's, cut by the region line; 19 km from any city Kontur draws densely",2026-09-14 f95259a4-kontur
vn,105.82736,21.02541,real,Hanoi,01,0.034,"10 hexes, 2 at the cap. peak 5.1 km from Hanoi, where Kontur is 46,200/km2; block holds 0.03x the city's figure",2026-09-14 f95259a4-kontur
vn,105.84802,21.00016,real,Hanoi,01,0.022,"7 hexes, 1 at the cap. peak 0.2 km from Hanoi, where Kontur is 46,200/km2; block holds 0.02x the city's figure",2026-09-14 f95259a4-kontur
vn,106.64783,10.75729,real,Ho Chi Minh City,79,0.532,"162 hexes, 10 at the cap. peak 5.6 km from Ho Chi Minh City, where Kontur is 46,143/km2; block holds 0.26x the city's figure",2026-09-14 f95259a4-kontur
za,28.04600,-26.19255,real,Johannesburg,JHB,0.040,"8 hexes, 2 at the cap. peak 1.4 km from Johannesburg, where Kontur is 46,200/km2; block holds 0.03x the city's figure",2026-09-14 f95259a4-kontur
za,28.09282,-26.10414,real,Johannesburg,JHB,0.031,"6 hexes, 2 at the cap. peak 13.2 km from Johannesburg, where Kontur is 46,200/km2; block holds 0.02x the city's figure",2026-09-14 f95259a4-kontur
cg,15.26959,-4.23177,real,Brazzaville,Brazzaville,0.911,"78 hexes, 15 at the cap, 2,326,315 people; the unit is the city itself. peak 4.2 km from Brazzaville's point, where Kontur is already 41,452/km2; block holds 1.34x the city's figure. Checked, not only set by the test",2026-09-14 f95259a4-cg
