cc,name,status,grain,source,blocker,held_for_anita,detail
nf,Norfolk Island,closed,drawn inside au (SA2),"ABS 2021 G14, in au.csv",not its own entry: NE feature NFK joins au's outline (country_shapes.py ALSO) from the next build tail,,"queue.md: Asia and Oceania swept, 2026-09-15; sources.md §outlines-2026-09-15"
cx,Christmas Island,closed,drawn inside au (SA2),"ABS 2021 G14, in au.csv",not its own entry: NE feature IOA joins au's outline (country_shapes.py ALSO) from the next build tail,,"queue.md: Asia and Oceania swept, 2026-09-15; sources.md §outlines-2026-09-15"
cc,Cocos (Keeling) Islands,closed,drawn inside au (SA2),"ABS 2021 G14, in au.csv",not its own entry: NE feature IOA joins au's outline (country_shapes.py ALSO) from the next build tail,,"queue.md: Asia and Oceania swept, 2026-09-15; sources.md §outlines-2026-09-15"
ax,Åland Islands,closed,drawn inside fi (NUTS3 FI200),"ESS pooled, in fi.csv; ÅSUB register 2022","not its own entry: NE feature ALD joins fi's outline (country_shapes.py ALSO) from the next build tail; a register swap changes fi, Anita's",,"queue.md: Europe swept, 2026-09-15; sources.md §outlines-2026-09-15; §scout-2026-09-15-europe"
tc,Turks and Caicos,blocked,unknown,2012 census household tables,"access requested by Anita, no reply yet",,"queue.md: The Americas swept, 2026-09-14 (Closed in §11ap); Anita's rulings, 2026-09-14 evening; sources.md §11ap"
mo,Macau,blocked,7 parishes,DSEC census API nationality by parish; WVS-7 Macau 2019,no census religion since 1991; WVS file behind the download form,,"queue.md: Asia and Oceania swept, 2026-09-15; sources.md §scout-2026-09-14-asia-oceania"
pf,French Polynesia,blocked,4 archipelagos (1962),"1962 census volume, INSEE 1967",volume not seen; BNSP and Persée copies are browser jobs,,"queue.md: Asia and Oceania swept, 2026-09-15; sources.md §scout-2026-09-14-asia-oceania"
vi,US Virgin Islands,closed,,US census,13 U.S.C. 221(c),,"queue.md: The Americas swept, 2026-09-14 (Closed in §11ap); sources.md §11ap"
pm,Saint Pierre and Miquelon,closed,,INSEE census bulletin individuel; MFV surveys,census form has no religion item; MFV covers four other overseas departments only,,"queue.md: Old negatives re-checked, 2026-09-15; The Americas swept, 2026-09-14; sources.md §scout-2026-09-15-negatives, §11ap"
mf,Saint Martin,closed,,INSEE census bulletin individuel; MFV surveys,census form has no religion item; MFV covers four other overseas departments only,,"queue.md: Old negatives re-checked, 2026-09-15; The Americas swept, 2026-09-14; sources.md §scout-2026-09-15-negatives, §11ap"
bl,Saint Barthélemy,closed,,INSEE census bulletin individuel; MFV surveys,census form has no religion item; MFV covers four other overseas departments only,,"queue.md: Old negatives re-checked, 2026-09-15; The Americas swept, 2026-09-14; sources.md §scout-2026-09-15-negatives, §11ap"
gu,Guam,closed,,2020 census form; 2024 statistical yearbook,no religion count found; 2019 HIES unchecked,,"queue.md: Asia and Oceania swept, 2026-09-15; sources.md §scout-2026-09-14-asia-oceania"
mp,Northern Mariana Islands,closed,3 municipalities (1973),1973 Trust Territory census Basic Table 11,only a 1973 table; population tripled since,,"queue.md: Asia and Oceania swept, 2026-09-15; sources.md §scout-2026-09-14-asia-oceania"
wf,Wallis and Futuna,closed,,1996 and 2008 census forms,census does not ask,,"queue.md: Asia and Oceania swept, 2026-09-15; sources.md §scout-2026-09-14-asia-oceania"
pn,Pitcairn Islands,closed,,government.pn,no religion table; zero dots,,"queue.md: Asia and Oceania swept, 2026-09-15; sources.md §scout-2026-09-14-asia-oceania"
mc,Monaco,closed,,2016 census results; arrêté 2016-122,no religion published; 2016 form not seen,,"queue.md: Europe swept, 2026-09-15; sources.md §scout-2026-09-15-europe"
sm,San Marino,closed,,statistics office population pages,no religion published; 2010 form not seen,,"queue.md: Europe swept, 2026-09-15; sources.md §scout-2026-09-15-europe"
gg,Guernsey,closed,,electronic census (from 2015),no religion; 2001 census not checked,,"queue.md: Europe swept, 2026-09-15; sources.md §scout-2026-09-15-europe"
va,Vatican City,closed,,,about 800 residents; one dot at most,,"queue.md: Europe swept, 2026-09-15; sources.md §scout-2026-09-15-europe"
sj,Svalbard and Jan Mayen,closed,,,inside no's outline; no source searched,,"queue.md: Europe swept, 2026-09-15; sources.md §scout-2026-09-15-europe"
ad,Andorra,drawn,1 unit,"WVS wave 7 (2018), about 1,000 respondents",file behind the WVS download form; parish variable unchecked,,"queue.md: Europe swept, 2026-09-15; sources.md §scout-2026-09-15-europe"
ae,United Arab Emirates (UAE),drawn,7 emirates,citizens on islam; UN DESA 2024 origins through Pew; emirate offices,,,"queue.md: Old negatives re-checked under the survey and compiler rulings, 2026-10-03; sources.md §scout-2026-10-03-negatives, §11ao"
af,Afghanistan,drawn,,Survey of the Afghan People,no census; no religion item; §14 first,,"queue.md: Closed, with the reason; sources.md §11ao"
ag,Antigua and Barbuda,drawn,,,,,registered
ai,Anguilla,drawn,1 unit,,,,"registered; queue.md: The Americas swept, 2026-09-14"
al,Albania,drawn,12 qarqe,2023 census table 1.13,"upgrade closed for 2023: booklets, ArcGIS and PxWeb stop religion at the qark; 2011's 373-unit layers (four categories) stay Anita's option (sources/al.md §3a)",,"registered; queue.md: Drawn countries re-checked for a finer tier, second pass, 2026-09-15; Drawn; sources.md §scout-2026-09-15-upgrades, §9cc; sources/al.md"
am,Armenia,drawn,11 marzes,,,,registered; queue.md: Drawn; sources.md §9bx; sources/am.md
ao,Angola,drawn,,,,,registered; sources/ao.md
ar,Argentina,drawn,6 regions,,,,registered; queue.md: From the lead triage / E. Argentina; sources.md §9dc; sources/ar.md
as,American Samoa,drawn,10 counties,"2015 HIES Table 1.6, weighted",20% household sample; check CCCAS against cccs,,"queue.md: Asia and Oceania swept, 2026-09-15; sources.md §scout-2026-09-14-asia-oceania"
at,Austria,drawn,"2,380 units",,,,registered; queue.md: Drawn; sources.md §9br; sources/at.md
au,Australia,drawn,,,,,registered; sources/au.md
aw,Aruba,drawn,1 unit,,,,"registered; queue.md: The Americas swept, 2026-09-14"
az,Azerbaijan,drawn,,2009 and 2019 census forms; EVS 2017; WVS 6; CRRC 2012,census does not ask; surveys with regions card Muslim only,,"queue.md: Closed, with the reason; sources.md §11ao; re-checked 2026-09-15, sources.md §scout-2026-09-14-asia-oceania"
ba,Bosnia and Herzegovina,drawn,,,,,registered; sources/ba.md
bb,Barbados,drawn,,,,,registered; sources/bb.md
bd,Bangladesh,drawn,,,,,registered; queue.md: Angola-shaped work: UPGRADES to countries already drawn / A. Newer round than the one drawn; sources/bd.md
be,Belgium,drawn,11 provinces,,,,registered; queue.md: From the lead triage / C. Europe via ESS; sources.md §9cy; sources/be.md
bf,Burkina Faso,drawn,45 provinces,"2006 census Tableau A5.6, counts",none; ask 018 says draw at the 45 provinces,,"queue.md: Africa swept a second time, 2026-09-14; Anita's rulings, 2026-09-14 night; ask/answered/018; sources.md §11aq"
bg,Bulgaria,drawn,265 obshtini,,,,registered; queue.md: Drawn; sources/bg.md
bh,Bahrain,drawn,4 governorates,2020 census religion x nationality x sex; governorate x nationality x sex (data.gov.bh); Bahraini Muslims Shia/Sunni by governorate from the Ja'fari and Sunni Endowments' mosque counts at Arab Barometer I's level,,,"queue.md: Old negatives re-checked under the survey and compiler rulings, 2026-10-03; sources.md §scout-2026-10-03-negatives, §11ao; queue.md: Sect from administrative records, 2026-10-03; sources.md §scout-2026-10-03-sect-registers; sources.md §bh-2026-10-03c (sect split drawn, ask 055)"
bi,Burundi,drawn,17-18 provinces (pre-2025),"2008 census national counts; Afrobarometer R5-R6 (2,400)",RGPHAE 2024 platform still not open (reopens a census build),,"queue.md: Old negatives re-checked under the survey and compiler rulings, 2026-10-03; sources.md §scout-2026-10-03-negatives, §11ah, §11aq; sources/bi.md"
bj,Benin,drawn,,,,,registered; sources/bj.md
bm,Bermuda,drawn,,,,,registered
bn,Brunei,drawn,4 districts,"2021 census Annex A Table A4, counts","Others holds Hindu, none, not stated; Annex on Wayback only",,"queue.md: Asia and Oceania swept, 2026-09-15; sources.md §scout-2026-09-14-asia-oceania"
bo,Bolivia,drawn,9 departamentos of 9,,,,"registered; queue.md: Drawn; The Americas swept, 2026-09-14; Drawn from one survey alone; sources.md §9dm; sources/bo.md"
bq,Caribbean Netherlands,drawn,3 islands,,,,"registered; queue.md: The Americas swept, 2026-09-14"
br,Brazil,drawn,,,,,registered; queue.md: Angola-shaped work: UPGRADES to countries already drawn / A. Newer round than the one drawn; sources/br.md
bs,The Bahamas,drawn,,,,,registered; sources/bs.md
bt,Bhutan,drawn,,"PHCB 2017 metadata; BLSS 2007, 2017, 2022; BMIS 2010",census and surveys do not ask,,"queue.md: Asia and Oceania swept, 2026-09-15; sources.md §scout-2026-09-14-asia-oceania"
bw,Botswana,drawn,485 localities,,,,"registered; queue.md: Drawn; sources.md §9bu; sources/bw.md; Catholics and Adventists split from Afrobarometer R4-R8 as floors, sources.md §bw-2026-10-03"
by,Belarus,drawn,7 units,LiTS III; EVS 2017 as a check,"explain LiTS Catholics in Gomel, not Grodno",,"queue.md: From the lead triage (Belarus, in the §11ag paragraph; Anita: §14 does not stop it); sources.md §scout-2026-09-14-taiwan-belarus-gabon"
bz,Belize,drawn,,,,,registered; sources/bz.md
ca,Canada,drawn,,,,,registered; sources/ca.md
cd,DR Congo,drawn,26 provinces,DHS microdata,DHS institutional account,,queue.md: From the lead triage / D. Sub-Saharan Africa via DHS; sources.md §11h
cf,Central African Republic,drawn,,,,,registered; sources/cf.md
cg,Republic of the Congo,drawn,12 départements,,,,"registered; queue.md: Africa swept a second time, 2026-09-14; sources/cg.md"
ch,Switzerland,drawn,,,,,registered; queue.md: Angola-shaped work: UPGRADES to countries already drawn / A. Newer round than the one drawn; sources/ch.md; lead queued: queue.md §Later: leads from the languagedots agents
ci,Côte d'Ivoire,drawn,,,,,"registered; queue.md: Angola-shaped work: UPGRADES to countries already drawn / B. Same round, finer volumes; sources.md §9az; sources/ci.md"
ck,Cook Islands,drawn,,,,,registered
cl,Chile,drawn,,,,,registered; sources/cl.md
cm,Cameroon,drawn,12 units (10 regions + Yaoundé and Douala),Afrobarometer R5-R9,"§14 note, Extrême-Nord",,"queue.md: Africa swept a second time, 2026-09-14; sources.md §11aq, §cm-2026-10-03 (Catholics drawn from R5-R6 on DHS 2011/2018)"
cn,China,drawn,,,,,registered; sources/cn.md
co,Colombia,drawn,27 of 33 departamentos,,,,"registered; queue.md: Drawn; The Americas swept, 2026-09-14; Drawn from one survey alone; sources.md §9dk, §co-2026-10-03 (Amazonas from Latinobarómetro); sources/co.md"
cr,Costa Rica,drawn,7 provinces of 7,,,,"registered; queue.md: Drawn; Latin America from LAPOP / HOW TO BUILD ONE, now that three exist; Drawn from one survey alone; sources.md §9cp; sources/cr.md"
cu,Cuba,drawn,,census forms 1899-1953 (ONEI Cuadro 32) 2002 and 2012; in-country polls,no census form asks religion (1970 and 1981 unread); polls national,,"queue.md: Old negatives re-checked, 2026-09-15; The Americas swept, 2026-09-14; sources.md §scout-2026-09-15-negatives, §11ap"
cv,Cabo Verde,drawn,22 concelhos,,,,registered; queue.md: Drawn; sources.md §9ci; sources/cv.md
cw,Curaçao,drawn,1 unit,,,,"registered; queue.md: The Americas swept, 2026-09-14"
cy,Cyprus,drawn,396 municipalities/communities,,,,registered; queue.md: Drawn; sources.md §9bs; sources/cy.md
cz,Czechia,drawn,,,,,registered; sources/cz.md
de,Germany,drawn,,,,,registered; sources/de.md
dj,Djibouti,drawn,6 régions,RGPH-3 2024 Tome 4 Tableau 42 (census counts),,,"queue.md: Old negatives re-checked under the survey and compiler rulings, 2026-10-03; sources.md §scout-2026-10-03-negatives, §11aq"
dk,Denmark,drawn,11 landsdele,,,,registered; queue.md: From the lead triage / C. Europe via ESS; sources.md §9dg; sources/dk.md
dm,Dominica,drawn,,,,,registered
do,Dominican Republic,drawn,32 provinces,,,,"registered; queue.md: Drawn; Latin America from LAPOP / HOW TO BUILD ONE, now that three exist; Drawn from one survey alone; sources.md §9cf; sources/do.md"
dz,Algeria,drawn,,2008 and 2022 census forms; Arab Barometer,survey build; first of the Maghreb; no foreigner layer (nationality asked in 2008 and 2022 but never tabulated by wilaya; waits on RGPH 2022 results),,"queue.md: Maghreb reopened, 2026-09-16; sources.md §maghreb-2026-09-16; sources.md §scout-2026-09-15-algeria-foreigners"
ec,Ecuador,drawn,23 of 24 provincias,,,,registered; queue.md: Drawn; Drawn from one survey alone; sources.md §9bn; sources/ec.md; Carchi on the Sierra region's rate 2026-10-03 per Anita's ruling (sources.md §ec-2026-10-03)
ee,Estonia,drawn,,,,,registered; sources/ee.md
eg,Egypt,drawn,26 of 27 governorates,,,,"registered; queue.md: Drawn; Drawn from one survey alone; Spatial gaps, 2026-10-03; sources.md §9bz, §eg-2026-10-03, §eg-2026-10-04 (Copts, GFS 2023 86.49% of Christians); sources/eg.md; ask 054"
er,Eritrea,drawn,"6 zobas, one national mix",EPHS 2010 report Table 3-1; Pew 2020 witness,§14 note: unregistered churches; DHS and Pew differ 15 points on Muslims,,"queue.md: Old negatives re-checked under the survey and compiler rulings, 2026-10-03; sources.md §scout-2026-10-03-negatives, §11aq"
es,Spain,drawn,,,,,registered; sources/es.md
et,Ethiopia,drawn,,,,,registered; sources/et.md
fi,Finland,drawn,19 maakunnat,ESS rounds 5-11 at NUTS 3,"upgrade blocked: nothing finer asks belonging; the Lutheran roll by parish union is a Tableau view with no export found, a placement lead of a different quantity; paid tabulations are Anita's",,"registered; queue.md: Drawn countries re-checked for a finer tier, second pass, 2026-09-15; Drawn; sources.md §scout-2026-09-15-upgrades, §9by; sources/fi.md; lead queued: queue.md §Later: leads from the languagedots agents"
fj,Fiji,drawn,provinces,,,,registered; queue.md: Oceania; Angola-shaped work: UPGRADES to countries already drawn / A. Newer round than the one drawn; sources/fj.md
fk,Falkland Islands,drawn,3 locations,,,,"registered; queue.md: The Americas swept, 2026-09-14"
fm,Micronesia,drawn,33 units,,,,registered; queue.md: Microstates; sources.md §9ch; sources/fm.md
fo,Faroe Islands,drawn,7 districts,"2011 census, Hagstova MT325 and MT321, counts",multi-response; district Other absorbs suppressed cells; no district polygons,,"queue.md: Europe swept, 2026-09-15; sources.md §scout-2026-09-15-europe"
fr,France,drawn,,,,,registered; sources/fr.md
ga,Gabon,drawn,provinces,Afrobarometer R6-R9 on RGPL 2026 citizens,,,"queue.md: Drawn (ga); sources.md §ga-2026-10-03. REOPEN if an RGPL 2026 thematic volume prints religion (or the DHS 2019-21 recode is registered, asks 047/048)"
gd,Grenada,drawn,,,,,registered; sources/gd.md
ge,Georgia,drawn,,,,,"registered; queue.md: Angola-shaped work: UPGRADES to countries already drawn / B. Same round, finer volumes; sources/ge.md; lead queued: queue.md §Later: leads from the languagedots agents"
gh,Ghana,drawn,,,,,registered; sources/gh.md
gi,Gibraltar,drawn,8 major residential areas (or 1 unit),"Census of Gibraltar 2022 Table 42, counts",other and not stated merged; no area polygons looked for,,"queue.md: Europe swept, 2026-09-15; sources.md §scout-2026-09-15-europe"
gl,Greenland,drawn,5 municipalities (one national mix),SLiCA 2003-2006 Table 162; BEXKIRK roll splits Christians,,,"queue.md: Drawn; Spatial gaps, 2026-10-03; sources.md §gl-2026-10-03, §scout-2026-10-03-gaps; sources/gl.md"
gm,The Gambia,drawn,8 LGAs,"2013 census Annex H, counts",H.28 misprint; shallow,,"queue.md: Africa swept a second time, 2026-09-14; sources.md §11aq"
gn,Guinea,drawn,8 régions,RGPH 2014 Tableau 5.10,upgrade closed: nothing below région in the RGPH 2014 volumes or the 2015 and 2019 yearbooks; census microdata only in IPUMS; reopens on RGPH-4,,"registered; queue.md: Drawn African countries re-checked for a finer tier, 2026-09-15; From the lead triage / D. Sub-Saharan Africa via DHS; sources.md §scout-2026-09-15-africa-upgrades, §9dh; sources/gn.md"
gq,Equatorial Guinea,drawn,provinces,2015 census form Q9; DHS 2011,2015 form asks religion and no table found; ask 034's download was the Resultados definitivos already read; the two preliminary-results files are still behind inege.org's Cloudflare challenge (browser job),,"queue.md: Old negatives re-checked, 2026-09-15; Africa swept a second time, 2026-09-14; sources.md §gq-2026-09-15, §scout-2026-09-15-negatives, §11aq"
gr,Greece,drawn,,,,,registered; sources/gr.md
gt,Guatemala,drawn,22 departamentos,,,,registered; queue.md: Drawn; Drawn from one survey alone; sources/gt.md
gw,Guinea-Bissau,drawn,9 regiões of 9,,,,registered; queue.md: Drawn; sources.md §9dx; sources/gw.md
gy,Guyana,drawn,,,,,registered; sources/gy.md
hk,Hong Kong,drawn,18 DC districts,,,,registered; queue.md: Drawn; sources/hk.md
hn,Honduras,drawn,18 departments of 18,,,,"registered; queue.md: Drawn; Latin America from LAPOP / HOW TO BUILD ONE, now that three exist; The Americas swept, 2026-09-14; sources.md §9dl; sources/hn.md"
hr,Croatia,drawn,,,,,registered; sources/hr.md
ht,Haiti,drawn,10 departements,ECVMAS 2012 I_H04,"upgrade blocked: the public ECVMAS masks commune, arrondissement and SDE; commune religion only in IHSI's 2005 printed departmental volumes, no scan found",,"registered; queue.md: Drawn countries re-checked for a finer tier, second pass, 2026-09-15; Drawn; Latin America from LAPOP / HOW TO BUILD ONE, now that three exist; Drawn from one survey alone; sources.md §scout-2026-09-15-upgrades, §9ck; sources/ht.md"
hu,Hungary,drawn,,,,,registered; sources/hu.md; lead queued: queue.md §Later: leads from the languagedots agents
id,Indonesia,drawn,,,,,registered; queue.md: Angola-shaped work: UPGRADES to countries already drawn / A. Newer round than the one drawn; sources/id.md
ie,Ireland,drawn,,,,,registered; sources/ie.md
il,Israel,drawn,,,,,registered; sources/il.md
im,Isle of Man,drawn,1 unit,"2021 census Part I Table 2.12, counts",voluntary question; about 9.5k residents unanswered,,"queue.md: Europe swept, 2026-09-15; sources.md §scout-2026-09-15-europe"
in,India,drawn,,,,,registered; sources/in.md; Northeast church split withdrawn 2026-09-15 (sources/in.md §12); a Northeast split needs a state-level source (queue.md D)
iq,Iraq,drawn,18 governorates of 18,,,,registered; queue.md: From the lead triage / A. Arab Barometer east of Egypt; sources.md §9cw; sources/iq.md
ir,Iran,drawn,31 provinces,"census 1395 by province; Muslims split by Masaili's Sunni estimates, the rest Shia",,,"queue.md: From the lead triage (Iran, in the §11ag paragraph); ask/answered/023 (draw at province); sources.md §scout-2026-09-14-iran; queue.md: Iran's Sunni/Shia split from Masaili (Sunni from Masaili, sources.md §ir-2026-09-15; the rest moved to islam.shia 2026-10-03 on Anita's ruling of 2026-09-15, sources.md §ir-2026-10-03)"
is,Iceland,drawn,,ESS (rounds and region not checked); Hagstofa register as witness,register is membership; parish table is one church,,"queue.md: Europe swept, 2026-09-15; sources.md §scout-2026-09-15-europe"
it,Italy,drawn,,,,,registered; sources/it.md
je,Jersey,drawn,1 unit,"Opinions and Lifestyle Survey 2023, shares",no denomination table; 11% not sure; census does not ask,,"queue.md: Europe swept, 2026-09-15; sources.md §scout-2026-09-15-europe"
jm,Jamaica,drawn,,,,,registered; sources/jm.md
jo,Jordan,drawn,12 governorates of 12,,,,registered; queue.md: Drawn; From the lead triage / A. Arab Barometer east of Egypt; sources.md §9cq; sources/jo.md
jp,Japan,drawn,,,,,registered; sources/jp.md
ke,Kenya,drawn,,,,,"registered; queue.md: Angola-shaped work: UPGRADES to countries already drawn / B. Same round, finer volumes; sources/ke.md"
kg,Kyrgyzstan,drawn,7 oblasts + 2 cities,,,,registered; queue.md: Drawn from one survey alone; From the lead triage / B. Central Asia via LiTS; sources.md §9co; sources/kg.md
kh,Cambodia,drawn,,,,,"registered; queue.md: Angola-shaped work: UPGRADES to countries already drawn / B. Same round, finer volumes; sources/kh.md"
ki,Kiribati,drawn,24 islands,,,,registered; queue.md: Drawn; sources.md §9bl; sources/ki.md
km,Comoros,drawn,"3 islands, one national mix",Pew 2020 (compiler); 2017 census,under 1M: light review,,"queue.md: Old negatives re-checked under the survey and compiler rulings, 2026-10-03; sources.md §scout-2026-10-03-negatives, §11aq"
kn,Saint Kitts and Nevis,drawn,1 unit,,,,"registered; queue.md: The Americas swept, 2026-09-14"
kp,North Korea,drawn,"provinces, one national mix",Pew 2020 (compiler); 2008 census,§14: national mix places nobody; file the ask,,"queue.md: Old negatives re-checked under the survey and compiler rulings, 2026-10-03; sources.md §scout-2026-10-03-negatives, §scout-2026-09-14-asia-oceania"
kr,South Korea,drawn,,,,,registered; sources/kr.md
kw,Kuwait,drawn,unverified,PACI table builder; 1995 census form,builder times out; browser query in the record,,"queue.md: Closed, with the reason (Kuwait, not closed); sources.md §11ao; re-checked 2026-09-15, sources.md §scout-2026-09-14-asia-oceania; Kuwaitis split Shia/Sunni at one national share 2026-10-03, sources.md §kw-2026-10-03b"
ky,Cayman Islands,drawn,,,,,registered; sources/ky.md
kz,Kazakhstan,drawn,,,,,registered; sources/kz.md
la,Laos,drawn,,,,,registered; sources/la.md; No religion redrawn as traditional religion (indigenous.laos) on LSIS 2026-10-03 fafd1067-la; sources.md §la-2026-10-03
lb,Lebanon,drawn,"26 cazas, electoral register by sect (where families are registered)",Ministry of Interior voter register via published tabulations; OCHA 2026 package,"Anita 2026-10-03 (ask 049): draw from the register, labelled as place of registration",,"queue.md: Old negatives re-checked under the survey and compiler rulings, 2026-10-03; sources.md §scout-2026-10-03-negatives, §lb-2026-09-15, §11al; sources/lb.md §5, §9"
lc,Saint Lucia,drawn,,,,,registered; sources/lc.md
li,Liechtenstein,drawn,,,,,registered; sources/li.md
lk,Sri Lanka,drawn,,,,,registered; sources/lk.md
lr,Liberia,drawn,15 units,"2022 census national table, Afrobarometer pattern",upgrade blocked: 2008 districts only through IPUMS (LISGIS NADA points there); no 2022 microdata or table below county; lisgis.gov.lr still a placeholder,,"registered; queue.md: Drawn African countries re-checked for a finer tier, 2026-09-15; Elsewhere, ranked by what they would add; sources.md §scout-2026-09-15-africa-upgrades, §9cl; sources/lr.md"
ls,Lesotho,drawn,10 districts,"Afrobarometer R4-R9 (7,197); 2016 census districts",,,"queue.md: Old negatives re-checked under the survey and compiler rulings, 2026-10-03; sources.md §scout-2026-10-03-negatives, §11aq"
lt,Lithuania,drawn,,,,,registered; sources/lt.md
lu,Luxembourg,drawn,,ESS rounds 1-2; EVS 1999 and 2008 (GESIS login),"2002-2004 only, one unit; EVS region variable unchecked",,"queue.md: From the lead triage / C. Europe via ESS; re-checked 2026-09-15, sources.md §scout-2026-09-15-europe"
lv,Latvia,drawn,6 statistical regions,,,,registered; queue.md: From the lead triage / C. Europe via ESS; sources.md §9dj; sources/lv.md
ly,Libya,drawn,,office; Arab Barometer,survey build; one Maghreb country at a time (shared Arab Barometer loader),,"queue.md: Maghreb reopened, 2026-09-16; sources.md §maghreb-2026-09-16"
ma,Morocco,drawn,,2014 and 2024 census forms; Arab Barometer,survey build; one Maghreb country at a time (shared Arab Barometer loader),,"queue.md: Maghreb reopened, 2026-09-16; sources.md §maghreb-2026-09-16"
md,Moldova,drawn,901 UATs,,,,registered; queue.md: Drawn; sources.md §9bv; sources/md.md
me,Montenegro,drawn,,,,,registered; sources/me.md
mg,Madagascar,drawn,22 regions,Afrobarometer R5-R9,check the card for a traditional answer first,,"queue.md: Africa swept a second time, 2026-09-14; Anita's rulings, 2026-09-14 night; sources.md §11aq"
mh,Marshall Islands,drawn,,,,,registered
mk,North Macedonia,drawn,,,,,registered; sources/mk.md
ml,Mali,drawn,20 régions,"RGPH5 2022 Tableau 6.13, shares","upgrade blocked: nothing below région in print; RGPH5 microdata needs an INSTAT login; a finer tier is outside ask 018 (§14, Anita's)",,"queue.md: Drawn African countries re-checked for a finer tier, 2026-09-15; Africa swept a second time, 2026-09-14; Anita's rulings, 2026-09-14 night; ask/answered/018; sources.md §scout-2026-09-15-africa-upgrades, §11aq"
mm,Myanmar,drawn,,,,,registered; sources/mm.md
mn,Mongolia,drawn,21 aimags + Ulaanbaatar's 9 düüregs,2020 census aimag volumes; Ulaanbaatar volume figures 3.5-3.6 by düüreg,"upgrade done 2026-09-15: Ulaanbaatar's 9 düüregs measured off the capital's own 2020 volume, figures 3.5 and 3.6; Darkhan-Uul and Dundgovi transcribed by hand from their image tables 2026-10-03; soums have nothing in 2020 or 2010",,"registered; queue.md: Drawn countries re-checked for a finer tier, second pass, 2026-09-15; Drawn; sources.md §mn-2026-10-03, §mn-2026-09-15, §scout-2026-09-15-upgrades, §9bt; sources/mn.md §11, §13"
mr,Mauritania,drawn,15 wilayas,"Pew 2020 national shares; RGPH 2023 Thème 16 foreigners by wilaya (125,933)","national compiler figure plus foreigners by wilaya (Anita 2026-09-16); PARKED at checkpoint A, handoff/mr.md; Pew counts foreigners, do not stack",,"queue.md: Maghreb reopened, 2026-09-16; sources/mr.md; sources.md §maghreb-2026-09-16; ask/RULINGS.md 2026-09-16; back for a partial rebuild after review 2026-09-15 (refugees at northern Mali's census mix, ask 033 gap; queue.md Maghreb table, mr row)"
ms,Montserrat,drawn,,,,,registered
mt,Malta,drawn,6 districts (unverified),"2021 census Final Report Vol. 1, ch. 5, persons 15+",PDF in data/raw/mt/ (Anita downloaded 2026-09-15); not yet read,,"queue.md: Europe swept, 2026-09-15; ask/answered/027; sources.md §scout-2026-09-15-europe"
mu,Mauritius,drawn,,,,,registered; sources/mu.md
mv,Maldives,drawn,,2014 census form M7; census microdata request,only foreigners asked; microdata form asks identity,,"queue.md: Asia and Oceania swept, 2026-09-15; sources.md §scout-2026-09-14-asia-oceania"
mw,Malawi,drawn,,,,,registered; sources/mw.md
mx,Mexico,drawn,,,,,registered; sources/mx.md; upgrade queued: queue.md §Later: Mexico's denominations by municipio (INEGI OLAP cube)
my,Malaysia,drawn,,,,,registered; sources/my.md
mz,Mozambique,drawn,"121 districts as of 2007 in 9 provinces, 2 provinces whole",2007 Quadro 8.1 district shares fitted to 2017 Quadros 3 and 11 (derived); Cabo Delgado and Manica 2017 Quadro 11,"upgrade done 2026-09-15; Cabo Delgado and Manica stay at province: no 2007 volume captured, and Cabo Delgado's district tier is a §14 question",,"registered; queue.md: Drawn African countries re-checked for a finer tier, 2026-09-15; Drawn; From the lead triage / D. Sub-Saharan Africa via DHS; sources.md §mz-2026-09-15, §scout-2026-09-15-africa-upgrades, §9df; sources/mz.md §7"
na,Namibia,drawn,14 regions (13 in R4-R5),"Afrobarometer R4-R9 (7,200); 2023 census regions",group to Christian/none/traditional; churches need a level witness,,"queue.md: Old negatives re-checked under the survey and compiler rulings, 2026-10-03; sources.md §scout-2026-10-03-negatives, §11aq"
nc,New Caledonia,drawn,1 unit or 3 provinces (one national mix),"compiler figure (Pew 2020), Mauritania route; 1979 church count as a witness",no census religion since 1979,,"queue.md: Spatial gaps, 2026-10-03; Asia and Oceania swept, 2026-09-15; sources.md §scout-2026-10-03-gaps, §scout-2026-09-14-asia-oceania"
ne,Niger,drawn,8 régions,"2012 census Tableau A11, counts","adds least; §14 note, Tillabéri",,"queue.md: Africa swept a second time, 2026-09-14; sources.md §11aq"
ng,Nigeria,drawn,37 states of 37,Afrobarometer R4-R9; NDHS and GFS as church witnesses,,,registered; queue.md: Drawn; sources.md §9cv, §ng-2026-10-03 (Catholic and Anglican drawn; Pentecostal fails the two-survey test); sources/ng.md
ni,Nicaragua,drawn,,,,,registered; sources/ni.md
nl,Netherlands,drawn,394 gemeenten,,,,registered; queue.md: From the lead triage / C. Europe via ESS; sources.md §9cu; sources/nl.md
no,Norway,drawn,11 counties,,,,registered; queue.md: From the lead triage / C. Europe via ESS; sources.md §9dd; sources/no.md
np,Nepal,drawn,,,,,registered; sources/np.md
nr,Nauru,drawn,1 unit,,,,registered; queue.md: Microstates; sources.md §9cx; sources/nr.md
nu,Niue,drawn,,,,,registered
nz,New Zealand,drawn,,,,,registered; queue.md: Angola-shaped work: UPGRADES to countries already drawn / A. Newer round than the one drawn; sources/nz.md
om,Oman,drawn,,2003 census form; 2003 and 2010 final results,census does not ask (2003); no religion table,,"queue.md: Closed, with the reason; sources.md §11ao; re-checked 2026-09-15, sources.md §scout-2026-09-14-asia-oceania"
pa,Panama,drawn,10 provinces and comarcas of 13,LAPOP 2010-2023 pooled; MICS 2013 on disk at the same tier,"upgrade blocked: MICS 2013 stops at the 12 provinces and comarcas (fills the two blank comarcas, not finer); EPM 2022 districts of Panamá and Panamá Oeste unpublished, an INEC request",,"registered; queue.md: Drawn countries re-checked for a finer tier, second pass, 2026-09-15; Drawn; Latin America from LAPOP / HOW TO BUILD ONE, now that three exist; Drawn from one survey alone; sources.md §scout-2026-09-15-upgrades, §9cm; sources/pa.md"
pe,Peru,drawn,,,,,registered; sources/pe.md
pg,Papua New Guinea,drawn,22 provinces,2011 census national shares + each province's largest church; rest fitted,,,queue.md: Drawn; sources.md §pg-2026-10-03; ask 047
ph,Philippines,drawn,,,,,"registered; queue.md: Angola-shaped work: UPGRADES to countries already drawn / B. Same round, finer volumes; sources/ph.md"
pk,Pakistan,drawn,,,,,registered; sources/pk.md
pl,Poland,drawn,,,,,registered; sources/pl.md
pr,Puerto Rico,drawn,6 WVS regions of 6,,,,"registered; queue.md: Drawn; The Americas swept, 2026-09-14; Drawn from one survey alone; sources.md §9dq; sources/pr.md"
ps,Palestine,drawn,16 governorates,"PCBS 2017 preliminary results Table 3, counts","J1 inside Jerusalem governorate; §14 note, Gaza",,"queue.md: Asia and Oceania swept, 2026-09-15; sources.md §scout-2026-09-14-asia-oceania"
pt,Portugal,drawn,,,,,registered; sources/pt.md
pw,Palau,drawn,,,,,registered
py,Paraguay,drawn,229 distritos,,,,registered; queue.md: Drawn; Angola-shaped work: UPGRADES to countries already drawn / A. Newer round than the one drawn; sources/py.md
qa,Qatar,drawn,10 municipalities (2004),"2004 census Table 6, counts",22 years old; 2004 municipalities are not today's,,"queue.md: Asia and Oceania swept, 2026-09-15; sources.md §scout-2026-09-14-asia-oceania; queue.md: Closed, with the reason; sources.md §11ao"
ro,Romania,drawn,,,,,registered; sources/ro.md
rs,Serbia,drawn,,,,,registered; sources/rs.md
ru,Russia,drawn,,,,,registered; sources/ru.md
rw,Rwanda,drawn,30 districts,,,,registered; queue.md: Drawn; sources.md §9cb; sources/rw.md
sa,Saudi Arabia,drawn,,ministry; Arab Barometer,nothing on people; AB religion empty,,"queue.md: Closed, with the reason (Saudi bullet: placement fix wanted, review 2026-09-15); sources/sa.md §8; sources.md §11af, §11ao"
sb,Solomon Islands,drawn,183 wards,,,,registered; queue.md: Drawn; sources.md §9bh; sources/sb.md
sc,Seychelles,drawn,unknown,"UNSD oracle row, 11 categories",office not chased,,"queue.md: Elsewhere, ranked by what they would add; sources.md §11w"
sd,Sudan,drawn,,"1956, 1973, 2008 census forms",question deleted from the 2008 census,,"queue.md: Closed, with the reason; sources.md §11af, §11aq"
se,Sweden,drawn,21 län,,,,registered; queue.md: From the lead triage / C. Europe via ESS; sources.md §9cz; sources/se.md
sg,Singapore,drawn,31 planning areas,,,,registered; queue.md: Drawn; sources.md §9bp; sources/sg.md
si,Slovenia,drawn,192 units,,,,registered; queue.md: Europe; sources.md §9cg; sources/si.md
sk,Slovakia,drawn,,,,,registered; sources/sk.md
sl,Sierra Leone,drawn,14 districts (2015),"2015 census Table 5.3, shares",2015 districts rebuilt from chiefdoms,,"queue.md: Africa swept a second time, 2026-09-14; sources.md §11aq"
sn,Senegal,drawn,10 régions (1988),"1988 census Tableau 1.15, Sufi orders",§14 before any 2023 reformist or Shia code,,"queue.md: Africa swept a second time, 2026-09-14; sources.md §11aq"
so,Somalia,drawn,,PESS 2014; SHDS 2020; World Bank surveys,surveys ask none,,"queue.md: Africa swept a second time, 2026-09-14 (Closed in §11aq); sources.md §11aq"
sr,Suriname,drawn,,,,,registered; sources/sr.md
ss,South Sudan,drawn,6-7 of 10 former states,High Frequency South Sudan Survey waves 1-2 (World Bank catalogs 2778 and 2777),"a priority hole (Anita, 2026-09-15); free World Bank Microdata Library login for the hhq and hhm files; §14 heavy; open routes rechecked 2026-09-15, all national only",ask 042,"queue.md: Africa swept a second time, 2026-09-14; sources.md §11aq, §ss-2026-09-15; sources/ss.md; handoff/ss.md"
st,São Tomé and Príncipe,drawn,7 districts,,,,"registered; queue.md: Elsewhere, ranked by what they would add; sources.md §9cn; sources/st.md"
sv,El Salvador,drawn,14 departamentos,,,,registered; queue.md: Drawn; Drawn from one survey alone; sources.md §9bl; sources/sv.md
sx,Sint Maarten,drawn,1 unit,,,,"registered; queue.md: The Americas swept, 2026-09-14"
sy,Syria,drawn,"14 governorates, one national mix",Pew 2020 (compiler); COD-PS,§14 acute: file the ask first; no sect or Christian placement without Anita; AB IX unreleased,,"queue.md: Old negatives re-checked under the survey and compiler rulings, 2026-10-03; sources.md §scout-2026-10-03-negatives, §scout-2026-09-15-negatives, §11ao"
sz,Eswatini,drawn,4 regions,,,,registered; queue.md: Drawn; sources.md §9bq; sources/sz.md
td,Chad,drawn,22 regions,"2009 census Tableau 5.07, shares",built to the mapping; resume from handoff/td.md,,"queue.md: Africa swept a second time, 2026-09-14; Anita's rulings, 2026-09-14 night; ask/answered/017 (draw it as built); handoff/td.md; sources/td.md"
tg,Togo,drawn,6 regions,Afrobarometer on the 2022 census national table,"six units, weak rank test",,"queue.md: Africa swept a second time, 2026-09-14; sources.md §11aq"
th,Thailand,drawn,,,,,registered; queue.md: Angola-shaped work: UPGRADES to countries already drawn / A. Newer round than the one drawn; sources/th.md
tj,Tajikistan,drawn,5 regions,2010 census nationality by region (ethnicity model); 2020 census populations,§14: Ismailis on bare islam (ask 051),,"queue.md: Old negatives re-checked under the survey and compiler rulings, 2026-10-03; sources.md §scout-2026-10-03-negatives, §11ak; sources/tj.md"
tk,Tokelau,drawn,3 atolls,"2016 census Table 5.8, counts",own church code (ekt is Tuvalu's); FROM_UNITS shape,,"queue.md: Asia and Oceania swept, 2026-09-15; sources.md §scout-2026-09-14-asia-oceania"
tl,Timor-Leste,drawn,14 units,,,,"registered; queue.md: Elsewhere, ranked by what they would add; sources.md §9cj; sources/tl.md"
tm,Turkmenistan,drawn,6 units,,,,registered; queue.md: From the lead triage / B. Central Asia via LiTS; sources.md §9do; sources/tm.md
tn,Tunisia,drawn,,2014 census form; Arab Barometer,survey build; one Maghreb country at a time (shared Arab Barometer loader),,"queue.md: Maghreb reopened, 2026-09-16; sources.md §maghreb-2026-09-16"
to,Tonga,drawn,156 villages,,,,registered; queue.md: Drawn; sources.md §9bj; sources/to.md
tr,Türkiye,drawn,12 İBBS-1 regions,,,,registered; queue.md: Drawn; sources/tr.md
tt,Trinidad and Tobago,drawn,,,,,registered; sources/tt.md
tv,Tuvalu,drawn,,,,,registered
tw,Taiwan,drawn,22 counties and cities,"TSCS rounds, ARDA open copies",rounds not downloaded or priced,,"queue.md: Elsewhere, ranked by what they would add; sources.md §scout-2026-09-14-taiwan-belarus-gabon"
tz,Tanzania,drawn,30 units,,,,"registered; queue.md: From the lead triage / D. Sub-Saharan Africa via DHS; sources.md §9ds; sources/tz.md; Zanzibar's Christians one pooled share across its five regions (Anita's ruling) sources.md §tz-2026-10-03; mainland churches drawn from GFS 2023 and Afrobarometer, sources.md §tz-2026-10-03b"
ua,Ukraine,drawn,27 COD-AB units,,,,registered; queue.md: From the lead triage / C. Europe via ESS; sources.md §9dw; sources/ua.md
ug,Uganda,drawn,"2,200 subcounties (2024)",NPHC 2024 population file (10% sample) times the full-count workbook; was 2002 Table B7,"upgrade drawn 2026-09-15 (cb8b206e-ug): subcounty units, grain per answer by a household split-half test; sources/ug.md §0",,"registered; queue.md: Drawn African countries re-checked for a finer tier, 2026-09-15; Drawn; ask/answered/008; sources.md §scout-2026-09-15-africa-upgrades, §9cr; sources/ug.md"
uk,United Kingdom,drawn,,,,,registered; sources/uk.md; Wales churches split from BES 2026-10-04 (sources/uk.md §12)
us,United States,drawn,,,,,registered
uy,Uruguay,drawn,18 departamentos + Montevideo's 62 barrios,ENHA 2006 e29_1; Montevideo barrios on the 2023 census persons file,"upgrade done 2026-09-15: Montevideo's 62 barrios, six of seven answers on a census-segment split-half and Otra at the city's; outside Montevideo nothing finer (secc and segm blank, locagr is locality groups without polygons); the 7+ band cut is wrong in every department and left as drawn (sources/uy.md §12.7)",,"registered; queue.md: Drawn countries re-checked for a finer tier, second pass, 2026-09-15; Drawn; Latin America from LAPOP / HOW TO BUILD ONE, now that three exist; Drawn from one survey alone; sources.md §uy-2026-09-15, §scout-2026-09-15-upgrades, §9ce; sources/uy.md §12"
uz,Uzbekistan,drawn,14 regions of 14,CAB waves 1-6 on the 2026 census's ethnic groups by region,upgrade closed: the 2026 census publishes nationality by region only (item 6258's xlsx is the agriculture volume) and CAB has no district; REOPEN on the 2027 final results,,"registered; queue.md: Drawn countries re-checked for a finer tier, second pass, 2026-09-15; Drawn from one survey alone; From the lead triage / B. Central Asia via LiTS; sources.md §scout-2026-09-15-upgrades, §9di; sources/uz.md"
vc,Saint Vincent and the Grenadines,drawn,,,,,registered; sources/vc.md
ve,Venezuela,drawn,states,LAPOP per-country 2010-2016/17,thin; nothing after 2016/17,,"queue.md: The Americas swept, 2026-09-14; Anita's rulings, 2026-09-14 night (ask 015 ruled); sources.md §11ap"
vg,British Virgin Islands,drawn,4 islands drawn,,,,"registered; queue.md: The Americas swept, 2026-09-14; sources.md §9dr"
vn,Vietnam,drawn,,,,,registered; queue.md: Angola-shaped work: UPGRADES to countries already drawn / A. Newer round than the one drawn; sources/vn.md
vu,Vanuatu,drawn,66 area councils,,,,registered; queue.md: Drawn; sources.md §9bg; sources/vu.md
ws,Samoa,drawn,25 districts,,,,registered; queue.md: Drawn; sources.md §9bk; sources/ws.md
xk,Kosovo,drawn,,,,,registered; sources/xk.md
xs,Israeli settlements in the West Bank,drawn,,,,,registered; row added by claim.py done 2026-09-15
ye,Yemen,drawn,governorates,Arab Barometer waves III and V,"two waves, no split-half; take last",,queue.md: From the lead triage / A. Arab Barometer east of Egypt; ask/answered/021: governorate like Jordan and Iraq; sources.md §11af
za,South Africa,drawn,213 local municipalities,,,,registered; queue.md: Drawn; sources.md §9cs; sources/za.md
zm,Zambia,drawn,156 constituencies of 156,,,,registered; queue.md: Drawn; sources.md §9db; sources/zm.md
zw,Zimbabwe,drawn,,,,,"registered; queue.md: Angola-shaped work: UPGRADES to countries already drawn / B. Same round, finer volumes; sources/zw.md"
