# Seed city roster. Hand-maintained; safe to edit, add, or comment out with '#'.
#
# pop     is the denominator for the "10k to 10% of the city" band, so it should be
#         the CITY PROPER / administrative figure, not the metro area. Approximate is
#         fine — the band rule is a ratio test with a 70% threshold, not a precise cut.
# radiusKm is the half-width of the Overpass query box around lat/lon. Wide enough to
#         cover the built-up area; overlap with neighbouring cities is fine because
#         each candidate is assigned to its nearest seed city.
#
qid,name,country,lat,lon,pop,radiusKm
Q84,London,GB,51.5074,-0.1278,8900000,25
Q90,Paris,FR,48.8566,2.3522,2100000,15
Q64,Berlin,DE,52.5200,13.4050,3700000,20
Q1055,Hamburg,DE,53.5511,9.9937,1900000,18
Q2807,Madrid,ES,40.4168,-3.7038,3300000,15
Q1492,Barcelona,ES,41.3874,2.1686,1620000,12
Q220,Rome,IT,41.9028,12.4964,2760000,18
Q490,Milan,IT,45.4642,9.1900,1370000,12
Q727,Amsterdam,NL,52.3676,4.9041,920000,12
Q1741,Vienna,AT,48.2082,16.3738,1980000,15
Q1754,Stockholm,SE,59.3293,18.0686,980000,18
Q1748,Copenhagen,DK,55.6761,12.5683,660000,15
Q270,Warsaw,PL,52.2297,21.0122,1860000,15
Q1085,Prague,CZ,50.0755,14.4378,1350000,15
Q649,Moscow,RU,55.7558,37.6173,13000000,30
Q406,Istanbul,TR,41.0082,28.9784,15900000,35
Q597,Lisbon,PT,38.7223,-9.1393,545000,12
Q1524,Athens,GR,37.9838,23.7275,640000,15
Q1490,Tokyo,JP,35.6895,139.6917,13960000,30
Q35765,Osaka,JP,34.6937,135.5023,2750000,18
Q8684,Seoul,KR,37.5665,126.9780,9400000,22
Q956,Beijing,CN,39.9042,116.4074,21900000,30
Q8686,Shanghai,CN,31.2304,121.4737,24900000,35
Q8646,Hong Kong,HK,22.3193,114.1694,7400000,20
Q1867,Taipei,TW,25.0330,121.5654,2500000,15
Q1861,Bangkok,TH,13.7563,100.5018,8200000,25
Q334,Singapore,SG,1.3521,103.8198,5900000,20
Q1865,Kuala Lumpur,MY,3.1390,101.6869,1800000,20
Q1156,Mumbai,IN,19.0760,72.8777,12400000,25
Q1353,Delhi,IN,28.6139,77.2090,16800000,30
Q3630,Jakarta,ID,-6.2088,106.8456,10600000,25
Q1461,Manila,PH,14.5995,120.9842,1850000,18
Q1858,Hanoi,VN,21.0285,105.8542,8400000,18
Q60,New York,US,40.7128,-74.0060,8300000,22
Q1297,Chicago,US,41.8781,-87.6298,2700000,22
Q65,Los Angeles,US,34.0522,-118.2437,3900000,35
Q62,San Francisco,US,37.7749,-122.4194,810000,12
Q172,Toronto,CA,43.6532,-79.3832,2790000,22
Q340,Montreal,CA,45.5017,-73.5673,1760000,18
Q1489,Mexico City,MX,19.4326,-99.1332,9200000,30
Q1486,Buenos Aires,AR,-34.6037,-58.3816,3100000,18
Q174,Sao Paulo,BR,-23.5505,-46.6333,11500000,30
Q8678,Rio de Janeiro,BR,-22.9068,-43.1729,6750000,25
Q2868,Lima,PE,-12.0464,-77.0428,9700000,22
Q2841,Bogota,CO,4.7110,-74.0721,7900000,18
Q2887,Santiago,CL,-33.4489,-70.6693,6300000,22
Q85,Cairo,EG,30.0444,31.2357,10100000,25
Q8673,Lagos,NG,6.5244,3.3792,9000000,22
Q3870,Nairobi,KE,-1.2921,36.8219,4400000,18
Q34647,Johannesburg,ZA,-26.2041,28.0473,5600000,25
Q5465,Cape Town,ZA,-33.9249,18.4241,4600000,25
Q612,Dubai,AE,25.2048,55.2708,3600000,25
Q33935,Tel Aviv,IL,32.0853,34.7818,470000,12
Q7903,Casablanca,MA,33.5731,-7.5898,3360000,18
Q3130,Sydney,AU,-33.8688,151.2093,5300000,25
Q3141,Melbourne,AU,-37.8136,144.9631,5100000,25
#
# --- Added from Wikidata by roster.py (see data/roster_proposal.csv for the
# --- full proposal, and roster.py's REJECTED for rows thrown out by hand).
# --- Regenerate with:
# ---   python roster.py --fetch && python roster.py --propose 245 --cap 6
#
Q1354,Dhaka,BD,23.7289,90.3944,16800000,30
Q8660,Karachi,PK,24.86,67.01,14910352,30
Q3838,Kinshasa,CD,-4.3219,15.3119,14565700,30
Q3616,Tehran,IR,35.6889,51.3897,8693706,25
Q1530,Baghdad,IQ,33.3153,44.3661,8126755,25
Q3692,Riyadh,SA,24.65,46.71,7009100,25
Q37995,Yangon,MM,16.8053,96.1561,6874000,25
Q3624,Addis Ababa,ET,9.0358,38.7525,5704000,20
Q1515,Abidjan,CI,5.3364,-4.0267,5616633,20
Q1963,Khartoum,SD,15.6031,32.5265,5345000,20
Q5838,Kabul,AF,34.5328,69.1658,5333284,20
Q1960,Dar es Salaam,TZ,-6.8161,39.2803,4715000,20
Q3703,Bamako,ML,12.6458,-7.9922,4227569,20
Q3805,Amman,JO,31.931,35.9261,4007526,20
Q170688,Santa Cruz de la Sierra,BO,-17.7892,-63.1975,3122605,20
Q35178,Kuwait City,KW,29.375,47.98,2989000,15
Q2471,Sanaa,YE,15.35,44.2,2957000,15
Q269,Tashkent,UZ,41.3111,69.2797,2956384,15
Q1899,Kyiv,UA,50.45,30.5236,2952301,15
Q18808,Pyongyang,KP,39.0167,125.7475,2863000,15
Q132830,Douala,CM,4.05,9.7,2768436,15
Q3766,Damascus,SY,33.5131,36.2919,2685360,15
Q43509,Guayaquil,EC,-2.19,-79.8875,2650288,15
Q1563,Havana,CU,23.1367,-82.3589,2492618,15
Q3897,Luanda,AO,-8.8383,13.2344,2487444,15
Q3881,Lusaka,ZM,-15.4167,28.2833,2467563,15
Q3777,Ouagadougou,BF,12.3686,-1.5275,2453496,15
Q3820,Beirut,LB,33.8869,35.5131,2421354,15
Q3561,Algiers,DZ,36.7764,3.0586,2364230,15
Q9248,Baku,AZ,40.3667,49.8352,2300500,15
Q1533,Caracas,VE,10.5061,-66.9144,2245744,15
Q35493,Almaty,KZ,43.24,76.915,2228675,15
Q34820,Santo Domingo,DO,18.4625,-69.9361,2201941,15
Q3792,Lomé,TG,6.13,1.2158,2188376,15
Q3921,Harare,ZW,-17.8292,31.0522,2150000,15
Q1850,Phnom Penh,KH,11.5696,104.921,2129371,15
Q2449,Mogadishu,SO,2.0392,45.3419,2120000,15
Q2280,Minsk,BY,53.9022,27.5618,1995091,15
Q3761,Accra,GH,5.556,-0.1969,1782150,15
Q3748,Monrovia,LR,6.3106,-10.8047,1761032,15
Q3859,Kigali,RW,-1.9525,30.115,1745555,15
Q19660,Bucharest,RO,44.4134,26.0978,1716961,15
Q1781,Budapest,HU,47.4983,19.0408,1685209,15
Q3894,Kampala,UG,0.3136,32.5811,1680600,15
Q3733,Conakry,GN,9.5092,-13.7122,1667864,15
Q3674,Niamey,NE,13.515,2.1175,1496260,13
Q37100,Auckland,NZ,-36.8492,174.7653,1470100,13
Q3688,Nouakchott,MR,18.0858,-15.9785,1446761,13
Q3718,Dakar,SN,14.6726,-17.432,1438725,13
Q3826,Muscat,OM,23.6139,58.5922,1421409,13
Q223920,Pointe-Noire,CG,-4.7975,11.8503,1420612,13
Q23430,Ulaanbaatar,MN,47.9214,106.9055,1396288,13
Q1335,Montevideo,UY,-34.9059,-56.1913,1302954,13
Q3579,Tripoli,LY,32.8875,13.1875,1293016,13
Q3915,Antananarivo,MG,-18.91,47.525,1275207,13
Q472,Sofia,BG,42.6979,23.3217,1213134,13
Q3711,Belgrade,RS,44.8178,20.4569,1197714,13
Q9361,Bishkek,KG,42.8667,74.5667,1191000,13
Q3861,Doha,QA,25.2861,51.5294,1186023,13
Q3889,Maputo,MZ,-25.9689,32.5733,1133200,13
Q994,Tbilisi,GE,41.7225,44.7925,1118035,13
Q1953,Yerevan,AM,40.1814,44.5144,1106300,13
Q3659,N'Djamena,TD,12.11,15.05,1092066,13
Q3238,Tegucigalpa,HN,14.1058,-87.2047,1055729,13
Q1218,Jerusalem,PS,31.7767,35.2342,1050151,13
Q23438,Ashgabat,TM,37.95,58.3833,1030063,13
Q1555,Guatemala City,GT,14.6417,-90.5133,994938,13
Q3876,Lilongwe,MW,-13.9864,33.7681,989318,13
Q34261,Port-au-Prince,HT,18.5469,-72.3403,987310,13
Q3642,Asmara,ER,15.3333,38.9167,963000,13
Q3780,Freetown,SL,8.4872,-13.2356,951000,13
Q9365,Dushanbe,TJ,38.5731,68.7864,948251,13
Q34692,Kingston,JM,17.9714,-76.7931,937700,13
Q3274,Managua,NI,12.1547,-86.2737,937489,13
Q3825,Libreville,GA,0.4078,9.4403,899000,13
Q3832,Bangui,CF,4.3732,18.5628,889231,13
Q3037,Kathmandu,NP,27.71,85.32,845767,13
Q43595,Cotonou,BJ,6.3667,2.4167,780000,13
Q1435,Zagreb,HR,45.8131,15.9772,767131,13
Q585,Oslo,NO,59.9133,10.7389,717710,13
Q1757,Helsinki,FI,60.1708,24.9375,694392,12
Q3854,Bujumbura,BI,-3.3825,29.3611,658859,12
Q35381,Colombo,LK,6.9267,79.8606,647557,12
Q3604,Djibouti,DJ,11.595,43.1481,603900,12
Q3572,Tunis,TN,36.8008,10.18,602560,12
Q1761,Dublin,IE,53.3497,-6.2603,592713,12
Q1773,Riga,LV,56.9475,24.1069,588911,12
Q216,Vilnius,LT,54.6872,25.28,581475,12
Q21197,Chișinău,MD,47.0228,28.8353,567038,12
Q12892,Antwerp,BE,51.2211,4.3997,529247,12
Q1947,Juba,SS,4.8539,31.5825,500088,12
Q1854,Ho Chi Minh City,VN,10.7756,106.7019,14002598,30
Q11739,Lahore,PK,31.5497,74.3436,11126285,30
Q3640,Ankara,TR,39.9358,32.8387,5803482,20
Q656,Saint Petersburg,RU,59.95,30.3167,5652922,20
Q87,Alexandria,EG,31.1975,29.8925,5362517,20
Q374365,Jeddah,SA,21.5292,39.1611,4697000,20
Q182984,Kano,NG,12.0,8.5167,4348000,20
Q16520,Busan,KR,35.18,129.075,3453198,20
Q376749,Chittagong,BD,22.335,91.8325,3230507,20
Q245023,Taichung,TW,24.1439,120.6794,3033885,20
Q11462,Surabaya,ID,-7.2463,112.7378,3009286,20
Q319660,Mbuji-Mayi,CD,-6.1261,23.5997,2892000,15
Q204271,San Luis Potosí,MX,22.1497,-100.975,2822255,15
Q48278,Medellín,CO,6.2502,-75.5676,2529403,15
Q3808,Yaoundé,CM,3.8578,11.5181,2440462,15
Q41183,Aleppo,SY,36.2,37.16,2003671,15
Q42053,Isfahan,IR,32.6525,51.6747,1961260,15
Q194165,Irbid,JO,32.5556,35.85,1911600,15
Q1473,Davao City,PH,7.0662,125.6094,1848947,15
Q83317,Mosul,IQ,36.3417,43.1292,1792000,15
Q2900,Quito,EC,-0.22,-78.5125,1763275,15
Q1519,Abu Dhabi,AE,24.4511,54.3969,1570000,15
Q171632,Maracaibo,VE,10.6333,-71.6333,1551539,15
Q44210,Córdoba,AR,-31.4167,-64.1833,1505250,15
Q42308,Kharkiv,UA,49.9925,36.2311,1421125,13
Q126148,Tangier,MA,35.7696,-5.8034,1275428,13
Q185518,Mandalay,MM,21.9747,96.0836,1225546,13
Q225641,Mombasa,KE,-4.05,39.6667,1208333,13
Q52028,Chiang Mai,TH,18.7889,98.9833,1198000,13
Q485496,Shymkent,KZ,42.3,69.6,1191877,13
Q131694,Aden,YE,12.8,45.0333,1154410,13
Q2256,Birmingham,GB,52.48,-1.9025,1137100,13
Q159273,Arequipa,PE,-16.3989,-71.5369,1008290,13
Q223761,Bobo-Dioulasso,BF,11.1833,-4.2833,903887,13
Q122044,Lubango,AO,-14.9167,13.5,903564,13
Q30996,El Alto,BO,-16.5047,-68.1633,885035,13
Q856003,Klang,MY,3.0333,101.45,878000,13
Q31487,Kraków,PL,50.0614,19.9372,804237,13
Q131818,Oran,DZ,35.6969,-0.6331,803329,13
Q188693,Blantyre,MW,-15.7861,35.0058,800264,13
Q1479,Bordeaux,FR,44.8378,-0.5794,267991,12
Q109356,Hamhung,KP,39.9167,127.5333,768551,13
Q323801,Nampula,MZ,-15.1167,39.2667,743000,13
Q271000,Bouaké,CI,7.6833,-5.0331,740000,13
Q274584,San Pedro Sula,HN,15.5053,-88.0251,719064,13
Q2222874,Zanzibar City,TZ,-6.1667,39.2,709809,13
Q25287,Gothenburg,SE,57.7075,11.9675,674529,12
Q193250,Bulawayo,ZW,-20.1667,28.5667,665940,12
Q34370,Rotterdam,NL,51.92,4.48,664311,12
Q40816,Benghazi,LY,32.1167,20.0667,631555,12
Q492552,Namangan,UZ,40.9953,71.6725,626120,12
Q239580,Kitwe,ZM,-12.8208,28.2119,625000,12
Q45604,Kandahar,AF,31.6207,65.7159,614254,12
Q47492,Gaza City,PS,31.5075,34.4597,590481,12
Q1015727,Mbale City,UG,1.0712,34.175,586300,12
Q208718,Port Sudan,SD,19.6158,37.2164,579942,12
Q243293,Sekondi-Takoradi,GH,4.9167,-1.7667,539548,12
Q657072,Touba,SN,14.8665,-15.8994,529176,12
Q673275,Wolaita Sodo,ET,6.86,37.76,512498,12
Q117040,Santiago de Cuba,CU,20.0217,-75.8294,506037,12
Q11725,Chongqing,CN,29.55,106.5069,32054159,30
Q1355,Bengaluru,IN,12.9791,77.5913,12327000,30
Q35997,İzmir,TR,38.4127,27.1384,4493242,20
Q217432,Port Harcourt,NG,4.7655,7.0163,3480000,20
Q216075,Cần Thơ,VN,10.1547,105.5005,3207000,20
Q173985,Faisalabad,PK,31.418,73.079,3203846,20
Q20934,Incheon,KR,37.4639,126.6486,3049315,20
Q2844,Brasília,BR,-15.7939,-47.8828,2996899,15
Q10389,Bandung,ID,-6.9218,107.6071,2875673,15
Q34932,Brisbane,AU,-27.4678,153.0278,2706966,15
Q51103,Cali,CO,3.44,-76.5197,2471474,15
Q115256,Taoyuan,TW,24.9913,121.3143,2356795,15
Q11751,Nagoya,JP,35.1814,136.9064,2326844,15
Q205327,Kananga,CD,-5.8961,22.4167,1971704,15
Q124739,Tijuana,MX,32.5364,-117.0372,1964788,15
Q157915,Garoua,CM,9.3,13.4,1750000,15
Q883,Novosibirsk,RU,55.0333,82.9167,1637266,15
Q1726,Munich,DE,48.1375,11.575,1510378,15
Q54880,Valencia,VE,10.1667,-68.0,1484430,13
Q35484,Medina,SA,24.47,39.61,1411599,13
Q48195,Basra,IQ,30.515,47.81,1326564,13
Q36312,Calgary,CA,51.0475,-114.0625,1306784,13
Q52535,Rosario,AR,-32.9575,-60.6394,1193605,13
Q170366,Ahvaz,IR,31.3189,48.6842,1184788,13
Q80985,Fez,MA,34.0433,-5.0033,1167842,13
Q37400,Naypyidaw,MM,19.7475,96.115,1160242,13
Q1520,Astana,KZ,51.1333,71.4333,1078362,13
Q1629,Zamboanga,PH,6.9042,122.0761,1018849,13
Q1874,Odesa,UA,46.4775,30.7326,1010537,13
Q243325,Khulna,BD,22.8167,89.55,928891,13
Q214173,Trujillo,PE,-8.1119,-79.0289,919899,13
Q2634,Naples,IT,40.8358,14.2486,913462,13
Q271619,Ipoh,MY,4.6,101.07,866772,13
Q2304294,Viana,AO,-8.9117,13.371,865863,13
Q134509,Port Said,EG,31.2625,32.3061,791749,13
Q131301,Homs,SY,34.7333,36.7167,775404,13
Q24017120,City of Valencia,ES,39.4561,-0.3546,769128,13
Q234600,Al Ain,AE,24.2075,55.7447,766936,13
Q3926,Pretoria,ZA,-25.7464,28.1881,741651,13
Q110218,Mwanza,TZ,-2.5167,32.9,706453,13
Q1799,Wrocław,PL,51.11,17.0325,673531,12
Q109336,Chongjin,KP,41.7833,129.7833,667929,12
Q183124,Cochabamba,BO,-17.3935,-66.157,632013,12
Q4093,Glasgow,GB,55.8611,-4.25,626410,12
Q270041,Al Hudaydah,YE,14.8022,42.9511,617871,12
Q309475,El-Obeid,SD,13.1833,30.2167,560471,12
Q45313,Herat,AF,34.3419,62.2031,556205,12
Q36600,The Hague,NL,52.08,4.31,548320,12
Q487656,Andijan,UZ,40.7833,72.3506,547800,12
Q211563,Beira,MZ,-19.8333,34.85,530604,12
Q219671,Ndola,ZM,-12.9689,28.6325,528330,12
Q456,Lyon,FR,45.7675,4.835,519127,12
Q30002,Chengdu,CN,30.66,104.0633,20937757,30
Q1361,Hyderabad,IN,17.3617,78.4747,9191000,25
Q40738,Bursa,TR,40.1913,29.0805,2901396,15
Q25282,Da Nang,VN,16.0694,108.2097,2819900,15
Q43463,Fortaleza,BR,-3.7275,-38.5275,2578483,15
Q183298,Ibadan,NG,7.3775,3.9058,2559853,15
Q20927,Daegu,KR,35.8717,128.6017,2444412,15
Q3183,Perth,AU,-31.9558,115.8597,2141834,15
Q5972,Medan,ID,3.5894,98.6739,2109330,15
Q93230,Rawalpindi,PK,33.6007,73.0679,2098231,15
Q37951,Sapporo,JP,43.0619,141.3544,1959313,15
Q140631,Tainan,TW,22.99,120.185,1874686,15
Q187593,Lubumbashi,CD,-11.6642,27.4828,1786397,15
Q189128,León de Los Aldama,MX,21.1219,-101.6833,1579803,15
Q887,Yekaterinburg,RU,56.8356,60.6128,1468833,13
Q62823,Barranquilla,CO,10.9833,-74.8019,1326588,13
Q333928,Maracay,VE,10.2469,-67.5958,1102088,13
Q365,Cologne,DE,50.9422,6.9578,1024621,13
Q1930,Ottawa,CA,45.4247,-75.695,1017449,13
Q101625,Marrakech,MA,31.6295,-7.9811,1002697,13
Q173310,Kirkuk,IQ,35.4667,44.4,975000,13
Q48256,Dnipro,UA,48.4675,35.04,968502,13
Q1467,Cebu City,PH,10.293,123.902,965332,13
Q180078,Kermanshah,IR,34.3167,47.0686,946651,13
Q160320,Dammam,SA,26.4333,50.1,903312,13
Q207322,Huambo,AO,-12.7667,15.7333,844000,13
Q495,Turin,IT,45.0792,7.6761,841600,13
Q61092,George Town,MY,5.4111,100.3356,794313,13
Q134514,Suez,EG,29.9667,32.5333,716458,13
Q200030,Latakia,SY,35.52,35.7781,709000,13
Q55893348,Seville city,ES,37.3862,-5.9925,684025,12
Q580,Łódź,PL,51.75,19.4667,648711,12
Q466216,Ta'izz,YE,13.5789,44.0219,615467,12
Q44255,San Miguel de Tucumán,AR,-26.8167,-65.2167,601888,12
Q5468,Durban,ZA,-29.8583,31.025,595061,12
Q260911,Chiclayo,PE,-6.7717,-79.8383,552508,12
Q5753,Samarkand,UZ,39.6547,66.9758,546303,12
Q335548,Mbeya,TZ,-8.9,33.45,541603,12
Q39121,Leeds,GB,53.7975,-1.5436,536280,12
Q686813,Kassala,SD,15.45,36.4,536009,12
Q484706,Karaganda,KZ,49.8,73.1167,515632,12
Q7880,Toulouse,FR,43.6044,1.4433,514819,12
