cc,iso3,country,tier,pop_m,status,rd_geo,question,census_year,finest_level,n_units,access,source_url,note
in,IND,India,A,1450.94,drawn,yes,mother_tongue,2011,"sub-district (tehsil/taluk) and town, C-16 tables",5900,open_table,https://censusindia.gov.in/nada/index.php/catalog/10191,
us,USA,United States,A,340.0,drawn,yes,home_language,2019-2023 (ACS 5-year),tract (C16001); state for B16001; PUMA via PUMS microdata,85000,open_table,https://data.census.gov/table/ACSDT5Y2023.C16001,
pk,PAK,Pakistan,A,251.27,drawn,yes,mother_tongue,2023,tehsil (Table 11),600,pdf,https://cran.r-project.org/web/packages/PakPC2023/PakPC2023.pdf,
br,BRA,Brazil,A,212.0,drawn,yes,indigenous_only,2022,state (by language); indigenous territory (by language),27,open_table,https://servicodados.ibge.gov.br/api/v3/agregados/10402/metadados,
et,ETH,Ethiopia,A,132.06,drawn,yes,mother_tongue,2007,woreda (USCB re-cut onto ADM3_2021 units),738,uscb_hdx,https://data.humdata.org/dataset/ethiopia-subnational-boundaries-and-tabular-data,
mx,MEX,Mexico,A,130.86,drawn,yes,indigenous_only,2020,"municipality by language (cuestionario ampliado sample microdata); locality/AGEB/block for speaker yes/no only (ITER, SCINCE)",2469,open_table,https://www.inegi.org.mx/programas/ccpv/2020/,
uk,GBR_EW,United Kingdom - England and Wales,A,68.40,drawn,yes,main_language,2021,output area,~188880,open_table,https://www.nomisweb.co.uk/datasets/c2021ts024,"also United Kingdom - Scotland: main_language, 2022, output area (Gaelic skills at OA; main language level assumed same); also United Kingdom - Northern Ireland: main_language, 2021, ward (462) and settlement for MS tables; data zone via flexible table builder (guess)"
za,ZAF,South Africa,A,64.01,drawn,yes,home_language,2022,electoral ward (SuperWEB2); 2011 small area,4468,microdata_server,https://superweb.statssa.gov.za/webapi/jsf/login.xhtml,
co,COL,Colombia,A,52.89,drawn,yes,indigenous_only,2018,municipality; manzana in REDATAM,1122,microdata_server,https://systema59.dane.gov.co/bincol/RpWebEngine.exe/Portal?BASE=CNPVBASE4V2&lang=esp,
ar,ARG,Argentina,A,45.7,drawn,yes,indigenous_only,2022,department/partido; radio via REDATAM,527,microdata_server,https://redatam.indec.gob.ar/binarg/RpWebEngine.exe/PortalAction?BASE=CPV2022,
ca,CAN,Canada,A,41.26,drawn,yes,mother_tongue,2021,dissemination area,57900,open_table,https://www12.statcan.gc.ca/census-recensement/2021/dp-pd/prof/index.cfm?Lang=E,
ua,UKR,Ukraine,A,37.86,drawn,yes,native_language,2001,settlement (2001.ukrcensus.gov.ua database); raion on HDX,~29000,uscb_hdx,http://2001.ukrcensus.gov.ua/results/general/language/,
pl,POL,Poland,A,36.56,drawn,yes,home_language,2021,gmina,~2477,open_table,"https://stat.gov.pl/spisy-powszechne/nsp-2021/nsp-2021-wyniki-ostateczne/tablice-z-ostatecznymi-danymi-w-zakresie-przynaleznosci-narodowo-etnicznej-jezyka-uzywanego-w-domu-oraz-przynaleznosci-do-wyznania-religijnego,10,1.html",
pe,PER,Peru,A,34.22,drawn,yes,mother_tongue,2017,district; centro poblado via full microdata,1874,microdata_server,https://censos2017.inei.gob.pe/bininei/RpWebEngine.exe/Portal?BASE=CPV2017DI&lang=esp,
np,NPL,Nepal,A,29.65,drawn,yes,mother_tongue,2021,local level (palika),753,open_table,https://censusresults.nsonepal.gov.np/files/caste/Mother_Tongues_NPHC_2021.xlsx,
ve,VEN,Venezuela,A,28.41,drawn,yes,indigenous_only,2011,national/state in INE report; municipality/parish via REDATAM if it returns,335,pdf,https://ine.gob.ve/wp-content/uploads/2025/09/POBLACION-INDIGENA-CENSO-2011.pdf,
au,AUS,Australia,A,27.19,drawn,yes,home_language,2021,"SA1 (General Community Profile DataPacks, table G13); full classification at SA2 via TableBuilder",61845,open_table,https://www.abs.gov.au/census/guide-census-data/census-dictionary/2021/variables-topic/cultural-diversity/language-used-home-lanp,
zm,ZMB,Zambia,A,21.31,drawn,yes,home_language,2022,ward (9 language groups) / province (~75 languages),1853,pdf,https://www.zamstats.gov.zm/wp-content/uploads/2026/05/Languages-Descriptive-Tables.pdf,
cl,CHL,Chile,A,19.76,drawn,yes,indigenous_only,2024,comuna,346,microdata_server,https://redatam.ine.gob.cl/redbin/RpWebEngine.exe/Portal?BASE=CENSO_2024,
ro,ROU,Romania,A,19.05,drawn,yes,mother_tongue,2021,commune/town (UAT),~3181,open_table,https://www.recensamantromania.ro/wp-content/uploads/2023/06/Tabel-2.03.1-si-Tabel-2.03.2.xlsx,
gt,GTM,Guatemala,A,18.41,drawn,yes,mother_tongue,2018,municipality,340,microdata_server,https://redatam2018.ine.gob.gt/bingtm/RpWebEngine.exe/Portal?BASE=CPVGT2018,
bo,BOL,Bolivia,A,12.41,drawn,yes,mother_tongue,2024,municipality,340,microdata_server,https://redatam.ine.gob.bo/binbol/RpWebEngine.exe/Portal?BASE=PHCCEN24ESPV1,
cz,CZE,Czechia,A,10.91,drawn,yes,mother_tongue,2021,municipality (guess: CZSO public database),~6250,open_table,https://scitani.gov.cz/,
az,AZE,Azerbaijan,A,10.2,drawn,yes,native_language,2019,rayon/city (guess; 2009 had rayon tables),~78,pdf,https://www.stat.gov.az/source/demoqraphy/?lang=en,
hu,HUN,Hungary,A,9.56,drawn,yes,mother_tongue,2022,settlement (+ Budapest districts),~3178,open_table,https://nepszamlalas2022.ksh.hu/adatbazis/,
ch,CHE,Switzerland,A,9.01,drawn,yes,main_language,2023,commune (pooled 5-year structural survey; small communes suppressed),~2130,open_table,https://www.bfs.admin.ch/bfs/en/home/statistics/population/languages-religions/languages.html,
hk,HKG,Hong Kong,A,7.52,drawn,yes,home_language,2021,"Large Tertiary Planning Unit Group (also District Council district); Small TPU group tables exist, language fields not confirmed",159,open_table,https://data.gov.hk/en-data/dataset/hk-censtatd-census_geo-2021-population-census-by-ltpu,
kg,KGZ,Kyrgyzstan,A,7.22,drawn,yes,native_language,2022,rayon (and cities) in Book III regional volumes,60,pdf,https://stat.gov.kg/en/publications/perepis-naseleniya-i-zhilishnogo-fonda-kyrgyzskoj-respubliki-2022-goda-kniga-i-osnovnye-socialno-demograficheskie-harakteristiki/,
ni,NIC,Nicaragua,A,6.92,drawn,yes,indigenous_only,2005,municipality; comarca/barrio/segment/block in REDATAM,153,microdata_server,http://redatam.inide.gob.ni/redbin/RpWebEngine.exe/Portal?BASE=VIVPOB05&lang=esp,
rs,SRB,Serbia,A,6.59,drawn,yes,mother_tongue,2022,municipality/city,~168,open_table,https://popis2022.stat.gov.rs/,
bg,BGR,Bulgaria,A,6.44,drawn,yes,mother_tongue,2021,municipality,265,open_table,https://www.nsi.bg/statistical-data/151/1349,
sg,SGP,Singapore,A,6.04,drawn,yes,home_language,2020,"planning area (TableBuilder / data.gov.sg), assumed by analogy with the religion table",31,open_table,https://data.gov.sg/datasets/d_2a1a771fe8515745d21ee64e43d6b46d/view,
fi,FIN,Finland,A,5.62,drawn,yes,mother_tongue,2024,municipality (annual),308,open_table,https://pxdata.stat.fi/PxWeb/pxweb/en/StatFin/StatFin__vaerak/,
sk,SVK,Slovakia,A,5.42,drawn,yes,mother_tongue,2021,municipality,~2890,open_table,https://www.scitanie.sk/en/population/basic-results/structure-of-population-by-mother-tongue/SR/SK0/SR,
cf,CAF,Central African Republic,A,5.33,drawn,yes,home_language,2003,commune (via USCB HDX),177,uscb_hdx,https://data.humdata.org/dataset/car-subnational-boundaries-and-tabular-data,
cr,CRI,Costa Rica,A,5.13,drawn,yes,indigenous_only,2011,district; also 24 indigenous territories,473,microdata_server,https://sistemas.inec.cr:8443/bininec/RpWebEngine.exe/Portal?BASE=CP2011,
hr,HRV,Croatia,A,3.87,drawn,yes,mother_tongue,2021,town/municipality,556,open_table,https://dzs.gov.hr/,
ge,GEO,Georgia,A,3.81,drawn,yes,mother_tongue,2024,municipality (guess),~64,pdf,https://census2024.geostat.ge/en,
pr,PRI,Puerto Rico,A,3.2,drawn,yes,home_language,2019-2023 (PRCS 5-year),tract (C16001),940,open_table,https://data.census.gov/table/ACSDT5Y2023.C16001?g=040XX00US72,
ba,BIH,Bosnia and Herzegovina,A,3.16,drawn,yes,mother_tongue,2013,municipality,~143,pdf,https://www.popis.ba/popis2013/doc/Popis2013prvoIzdanje.pdf,
na,NAM,Namibia,A,3.03,drawn,yes,home_language,2023,region (published); constituency via 2011 open PUMS,14,open_table,https://microdata.nsanamibia.com/index.php/catalog/9,
am,ARM,Armenia,A,3.03,drawn,yes,native_language,2022,marz (+ Yerevan),11,pdf,https://www.armstat.am/en/?nid=944,
lt,LTU,Lithuania,A,2.89,drawn,yes,mother_tongue,2021,municipality,60,open_table,https://osp.stat.gov.lt/,
bw,BWA,Botswana,A,2.52,drawn,yes,home_language,2022,census district,28,pdf,https://www.statsbots.org.bw/census-2022,
md,MDA,Moldova,A,2.4,drawn,yes,mother_tongue,2024,raion/municipality (guess),~37,open_table,https://statistica.gov.md/,
al,ALB,Albania,A,2.38,drawn,yes,mother_tongue,2023,municipality (in per-prefecture PDF reports),61,pdf,https://www.instat.gov.al/en/themes/censuses/census-of-population-and-housing/publications/2023/main-results-of-the-population-and-housing-census-2023/,
mk,MKD,North Macedonia,A,1.82,drawn,yes,mother_tongue,2021,municipality (+ City of Skopje),81,open_table,https://www.stat.gov.mk/,
xk,XKX,Kosovo,A,1.59,drawn,yes,mother_tongue,2024,municipality,38,pdf,https://askapi.rks-gov.net/Custom/bffbac3c-f325-4b18-b0e3-755dcb4cccf0.pdf,
ee,EST,Estonia,A,1.37,drawn,yes,mother_tongue,2021,municipality (+ settlement type),79,open_table,https://andmed.stat.ee/en/stat/rahvastik__rahvaloendus__rl2021,
mu,MUS,Mauritius,A,1.25,drawn,yes,home_language,2022,district (guess; 9 districts + Rodrigues + Agalega),11,pdf,https://statsmauritius.govmu.org/,
lu,LUX,Luxembourg,A,0.68,drawn,yes,main_language,2021,commune (maps in RP2021 No.8; table-level data unverified),100,pdf,https://statistiques.public.lu/fr/publications/series/rp-2021/2023/rp21-08-23.html,
me,MNE,Montenegro,A,0.62,drawn,yes,mother_tongue,2023,municipality,25,open_table,https://opendata.gov.me/en/dataset/stanovnistvo-crne-gore-prema-nacionalnoj-vjeri-maternjem-jeziku-i-jeziku-kojim-se-uobicajeno-govori,
mt,MLT,Malta,A,0.57,drawn,yes,mother_tongue,2021,locality (PDF tables),68,pdf,https://nso.gov.mt/wp-content/uploads/volume3-Census-of-Population-2021.pdf,
vu,VUT,Vanuatu,A,0.33,drawn,yes,mother_tongue,2020,area council (Table 6.16),72,pdf,https://vnso.gov.vu/,
pf,PYF,French Polynesia,A,0.28,drawn,,home_language,2022,commune (ISPF; Wikipedia commune pages quote the per-commune figures),48,open_table,https://www.ispf.pf/publication/1396,
gu,GUM,Guam,A,0.17,drawn,,home_language,2020,village (US Census Bureau 2020 Island Areas tables),19,open_table,https://data.census.gov/,
cw,CUW,Curaçao,A,0.16,drawn,yes,home_language,2023,neighbourhood (CBS neighbourhood viewer),,open_table,https://senso.cbs.cw/,
sc,SYC,Seychelles,A,0.12,drawn,yes,home_language,2022,district (guess),26,pdf,https://www.nbs.gov.sc/downloads/1308-seychelles-population-and-housing-census-2022-provisional-results-report/download,
aw,ABW,Aruba,A,0.11,drawn,yes,home_language,2010,region/zone (REDATAM),,microdata_server,https://prod.redatam.org/binabw/RpWebEngine.exe/Portal?BASE=AUA2010,
vi,VIR,US Virgin Islands,A,0.1,drawn,,home_language,2020,estate/subdistrict,,open_table,https://www.census.gov/data/tables/2020/dec/2020-us-virgin-islands.html,
fo,FRO,Faroe Islands,A,0.05,drawn,yes,mother_tongue,2011,municipality/region (guess),~30,open_table,https://hagstova.fo/,
li,LIE,Liechtenstein,A,0.04,drawn,yes,main_language,2020,Gemeinde,11,pdf,https://www.statistikportal.li/de/erhebungen-register/volkszaehlung,
id,IDN,Indonesia,B,283.49,drawn,yes,home_language,2010,province (2010 BPS publication); 2020 long form regency table only has Indonesian vs regional vs foreign,34,pdf,https://data.humdata.org/dataset/indonesia-subnational-population-and-housing-data-tables,
ru,RUS,Russia,B,143.67,drawn,yes,native_language,2021,federal subject x urban/rural (Rosstat); municipal tables from some regional offices,~87,open_table,https://rosstat.gov.ru/vpn/2020/Tom5_Nacionalnyj_sostav_i_vladenie_yazykami,
de,DEU,Germany,B,83.52,drawn,yes,home_language,2023,Land only (guess),16,open_table,https://www.destatis.de/,
th,THA,Thailand,B,71.67,drawn,yes,home_language,2010,"province (provincial PDF reports, assumed)",77,pdf,https://unstats.un.org/unsd/demographic/sources/census/quest/THA2010en.pdf,
ma,MAR,Morocco,B,38.08,drawn,yes,languages_spoken,2024,commune (plus urban arrondissements; also province and region rows; separate urban/rural sheets),1540,open_table,https://www.hcp.ma/file/242671/,
ao,AGO,Angola,B,37.89,drawn,yes,home_language,2014,"province (municipality possibly in provincial volumes, not seen)",18,pdf,https://observalinguaportuguesa.org/angola-portugues-e-falado-por-7115-de-angolanos/,
uz,UZB,Uzbekistan,B,36.36,drawn,yes,native_language,2026,national only (preliminary),,none,https://astanatimes.com/2026/07/uzbekistans-population-nearly-doubles-since-1989-census/,
mz,MOZ,Mozambique,B,34.63,drawn,yes,mother_tongue,2017,province in published xlsx tables; district via 10% public microdata (to confirm),11,open_table,https://mozdata.ine.gov.mz/index.php/catalog/24,
ci,CIV,Côte d'Ivoire,B,31.93,drawn,yes,main_language,2021,national by urban (Abidjan / other towns) / rural and age,1,open_table,https://data.gouv.ci/datasets/repartition-de-la-population-ivoirienne-par-la-langue-la-plus-parlee-selon-le-milieu-de-residence-et-le-groupe-dage,
ml,MLI,Mali,B,24.48,drawn,yes,home_language,2009,region (Tableau S-3); cercle proportions via CLEAR Global,9,pdf,https://www.instat-mali.org/laravel-filemanager/files/shares/rgph/tdemo09_rgph.pdf,
bf,BFA,Burkina Faso,B,23.55,drawn,yes,main_language,2019,region (one monograph per region; by urban/rural only),13,pdf,https://www.insd.bf/sites/default/files/2022-07/Rapport%20resultats%20definitifs%20RGPH%202019.pdf,
sn,SEN,Senegal,B,18.5,drawn,yes,home_language,2023,national in RGPH-5 report; department proportions via CLEAR Global (2013 IPUMS sample),45,pdf,https://www.ansd.sn/sites/default/files/recensements/rapport/Chapitre-1_ETAT-STRUCTURE-POPULATION-Rapport-def-RGPH-5.pdf,
ec,ECU,Ecuador,B,18.14,drawn,yes,languages_spoken,2022,parish (open microdata download),1042,open_table,https://www.censoecuador.gob.ec/,
kh,KHM,Cambodia,B,17.64,drawn,yes,mother_tongue,2019,national in the final report (Table 2.7.1); province tables not seen,1,pdf,https://www.nis.gov.kh/,
gn,GIN,Guinea,B,14.75,drawn,yes,main_language,2014,prefecture proportions via CLEAR Global (from IPUMS 10% sample),34,open_table,https://data.humdata.org/dataset/guinea-languages,
tj,TJK,Tajikistan,B,10.59,drawn,yes,native_language,2020,unknown (Volume III not online),,none,https://www.stat.tj/en/population-and-housing-census/,
at,AUT,Austria,B,9.18,drawn,yes,none,2021,,,none,https://www.statistik.at/,
by,BLR,Belarus,B,9.13,drawn,yes,native_language,2019,oblast + Minsk city (checked); raion likely in census.belstat.gov.by portal,7,pdf,https://www.belstat.gov.by/upload/iblock/471/471b4693ab545e3c40d206338ff4ec9e.pdf,
sl,SLE,Sierra Leone,B,8.64,drawn,yes,home_language,2015,district proportions via CLEAR Global (from IPUMS sample),16,open_table,https://data.humdata.org/dataset/sierra-leone-languages,
tm,TKM,Turkmenistan,B,7.49,drawn,yes,native_language,2022,velayat (5 + Ashgabat + Arkadag),7,pdf,https://www.stat.gov.tm/population-census-pdfs/results/en/4.pdf,
py,PRY,Paraguay,B,6.93,drawn,yes,languages_spoken,2022,district,263,microdata_server,https://prod.redatam.org/binpry/RpWebEngine.exe/Portal?BASE=CPV2022,
sv,SLV,El Salvador,B,6.34,drawn,yes,languages_spoken,2024,national (as reported so far),,pdf,https://es.wikipedia.org/wiki/Censo_salvadore%C3%B1o_de_2024,
ie,IRL,Ireland,B,5.4,drawn,yes,ability_minority,2022,"small area for Irish (18,919); other home languages county-level",18919,open_table,https://www.cso.ie/en/census/census2022/census2022smallareapopulationstatistics/,
nz,NZL,New Zealand,B,5.29,drawn,yes,languages_spoken,2023,SA2 (Aotearoa Data Explorer); meshblock-level counts for main languages possible,2300,open_table,https://explore.data.stats.govt.nz/,
gw,GNB,Guinea-Bissau,B,2.2,drawn,yes,languages_spoken,2009,national (by ethnicity x sex x urban/rural); ethnicity by region,9,pdf,https://stat-guinebissau.com/Menu_principal/IV_RGPH/rgph1/caracteristicas_socio_cultural.pdf,
si,SVN,Slovenia,B,2.13,drawn,yes,none,2021,,,none,https://www.stat.si/,
lv,LVA,Latvia,B,1.87,drawn,yes,none,2021,,,none,https://stat.gov.lv/en/statistics-themes/education/level-education/press-releases/21052-mother-tongue-and-language-used,
tl,TLS,Timor-Leste,B,1.4,drawn,yes,mother_tongue,2022,"municipality, perhaps administrative post (not verified)",14,pdf,https://inetl-ip.gov.tl/,
cy,CYP,Cyprus,B,1.36,drawn,yes,native_language,2021,district (guess; government-controlled areas only),5,open_table,https://www.census2021.cystat.gov.cy/images/Census%202021%20QST-EN_.pdf,
sb,SLB,Solomon Islands,B,0.82,drawn,yes,mother_tongue,2019,national per language (Table 9.6.1-9.6.3); Pidgin-as-first-language share by province (figure only),1,pdf,https://www.statistics.gov.sb/,
mo,MAC,Macau,B,0.69,drawn,,home_language,2021,unknown (probably statistical zone or parish); territory-wide figures seen,,open_table,https://www.dsec.gov.mo/,
sr,SUR,Suriname,B,0.63,drawn,yes,home_language,2012,district (published),10,pdf,https://statistics-suriname.org/the-census/,
bn,BRN,Brunei,B,0.46,drawn,yes,home_language,2021,unknown; not in the cached A-C annex tables,,pdf,https://deps.mofe.gov.bn/,
bz,BLZ,Belize,B,0.42,drawn,yes,languages_spoken,2022,district (published),6,pdf,https://sib.org.bz/census/,
nc,NCL,New Caledonia,B,0.29,drawn,yes,languages_spoken,2019,"commune (ISEE atlas/tables), from secondary sources",33,open_table,https://www.isee.nc/population/recensement,
st,STP,São Tomé and Príncipe,B,0.24,drawn,yes,languages_spoken,2012,national (district split unclear),1,pdf,https://ine.st,
sx,SXM,Sint Maarten,B,0.04,drawn,yes,home_language,2011,,,,,
pw,PLW,Palau,B,0.02,drawn,yes,home_language,2020,state (guess),16,pdf,https://www.palaugov.pw/executive-branch/ministries/finance/budgetandplanning/census-of-population-and-housing/,
bq,BES,"Caribbean Netherlands (Bonaire, Sint Eustatius, Saba)",B,0.0,drawn,yes,home_language,2001,island,3,,https://www.cbs.nl/,
eh,ESH,Western Sahara,B,0.0,closed,,languages_spoken,2024,"commune (via Morocco RGPH 2024, regions Laayoune-Sakia El Hamra and Dakhla-Oued Ed-Dahab)",35,open_table,https://www.hcp.ma/file/242671/,"closed 2026-10-05 (edd42a8c-eh): drawn inside ma west of the berm from the same RGPH 2024 commune workbook, as religiondots draws it; a separate eh would draw the area twice. sources/eh.md"
jp,JPN,Japan,C,123.98,drawn,yes,none,2020,,,none,https://www.stat.go.jp/english/data/kokusei/2020/index.html,"scout 2026-10-05 (coverage/scout_2026-10-05.md): 2020 census has 19 items (stat.go.jp outline.pdf): nationality, no language or ethnicity. Stays ruling. | freed 2026-10-05 under AGENT_BRIEF §2 rulings (ethnicity / survey / regional+immigrant)"
eg,EGY,Egypt,C,116.54,drawn,yes,none,2017,,,none,https://international.ipums.org/international/enum_materials.shtml,"scout 2026-10-05 (coverage/scout_2026-10-05.md): 2017 census scope (ERF/CAPMAS catalog 248) lists religion and nationality, no language. 1960 Nubian count not traced to a table. Stays ruling. | freed 2026-10-05 under AGENT_BRIEF §2 rulings (ethnicity / survey / regional+immigrant)"
kr,KOR,South Korea,C,51.75,drawn,yes,none,2020,,,none,https://kosis.kr/,"scout 2026-10-05 (coverage/scout_2026-10-05.md): 2020 census items (census.go.kr survey items): nationality and entry date only, no language. Stays ruling. | freed 2026-10-05 under AGENT_BRIEF §2 rulings (ethnicity / survey / regional+immigrant)"
ye,YEM,Yemen,C,40.58,drawn,yes,none,2004,,,none,,"scout 2026-10-05 (coverage/scout_2026-10-05.md): 2004 census: no language item known; IHSN DDI (catalog 229) has 441 unlabelled variables, not conclusive. Stays ruling. | freed 2026-10-05 under AGENT_BRIEF §2 rulings (ethnicity / survey / regional+immigrant)"
mg,MDG,Madagascar,C,31.96,drawn,yes,languages_spoken,2018,"region (22), RGPH-3 2018 thematic report Table 2.2",22,pdf,https://www.instat.mg/documents/upload/main/INSTAT-RGPH3_CompetencesLinguistiquesetScolarisation_Fev-2021.pdf,"scout 2026-10-05 (coverage/scout_2026-10-05.md): sweep missed it: RGPH-3 2018 asked ability to speak Malagasy/French/English/other (3+, several allowed). Table 2.2 by region, % only with population 3+: Malagasy 99.9 everywhere, French 5-56, English 1-24, other 0.2-2.3 (unnamed). Under the learned-second-language rule French/English fold to Malagasy, so the map is near-uniform Malagasy plus an 'other' sliver."
kp,PRK,North Korea,C,26.5,drawn,yes,none,2008,,,none,https://unstats.un.org/unsd/demographic-social/census/,"scout 2026-10-05 (coverage/scout_2026-10-05.md): 2008 census final report (archive.org text) has no language or ethnicity item, literacy only. Stays ruling. | freed 2026-10-05 under AGENT_BRIEF §2 rulings (ethnicity / survey / regional+immigrant)"
so,SOM,Somalia,C,19.01,drawn,yes,none,,,,none,https://data.humdata.org/dataset/somalia-subnational-boundaries-and-tabular-data,scout 2026-10-05 (coverage/scout_2026-10-05.md): no census since 1975 (1986-87 never published); PESS 2014 no language item. Nothing new found. Stays ruling. | freed 2026-10-05 under AGENT_BRIEF §2 rulings (ethnicity / survey / regional+immigrant)
rw,RWA,Rwanda,C,14.26,drawn,yes,languages_spoken,2022,district (guess),30,pdf,https://en.wikipedia.org/wiki/Languages_of_Rwanda,"scout 2026-10-05 (coverage/scout_2026-10-05.md): RPHC5 2022 asks literacy by language (Kinyarwanda/English/French/Swahili, 15+), not a spoken or first language; literacy is not a buildable question under AGENT_BRIEF §2. Stays ruling. | freed 2026-10-05 under AGENT_BRIEF §2 rulings (ethnicity / survey / regional+immigrant)"
bi,BDI,Burundi,C,14.05,drawn,yes,unknown,2008,,,none,https://en.wikipedia.org/wiki/Languages_of_Burundi,"scout 2026-10-05 (coverage/scout_2026-10-05.md): 2008 RGPH questionnaire (unstats BDI2008fr.pdf) asks only 'quelle langue sait lire et ecrire' (Kirundi/French/Swahili/English/other), literacy. 2024 RGPHAE: preliminary results only, questionnaire not found online. Stays ruling. | freed 2026-10-05 under AGENT_BRIEF §2 rulings (ethnicity / survey / regional+immigrant)"
tn,TUN,Tunisia,C,12.28,drawn,yes,none,2024,,,none,https://www.congres-mondial-amazigh.org/2025/03/17/la-situation-en-tunisie/,scout 2026-10-05 (coverage/scout_2026-10-05.md): 2024 RGPH questionnaire has no language item (Congres Mondial Amazigh read of the form; INS Bilan Demographique 2025). 2014 had literacy languages only. Stays ruling. | freed 2026-10-05 under AGENT_BRIEF §2 rulings (ethnicity / survey / regional+immigrant)
ht,HTI,Haiti,C,11.77,drawn,yes,none,2003,,,none,,"scout 2026-10-05 (coverage/scout_2026-10-05.md): 2003 RGPH asked only literacy (read and write), no language spoken; the 5th RGPH was never held (IHSI publishes 2024 estimates instead). Stays ruling. | freed 2026-10-05 under AGENT_BRIEF §2 rulings (ethnicity / survey / regional+immigrant)"
jo,JOR,Jordan,C,11.55,drawn,yes,none,2015,,,none,http://dosweb.dos.gov.jo/censuses/population_housing/census2015/census2015_tables/,"scout 2026-10-05 (coverage/scout_2026-10-05.md): 2015 census: nationality only, no language (table catalogue, 2004 form). A 2026 census is in the field now (1-31 Oct 2026, mixed register/field); questionnaire not seen, re-check when results appear. Stays ruling. | freed 2026-10-05 under AGENT_BRIEF §2 rulings (ethnicity / survey / regional+immigrant)"
do,DOM,Dominican Republic,C,11.43,drawn,yes,none,2010,,,none,https://redatam.one.gob.do/bindom/RpWebEngine.exe/Portal?BASE=CPV2010,"scout 2026-10-05 (coverage/scout_2026-10-05.md): 2022 X CNPV general report (641 pp., ONE, read via Wayback) has no language table and never mentions idioma or lengua; it asks racial self-identification and nationality. 2010 had none either. Stays ruling. | freed 2026-10-05 under AGENT_BRIEF §2 rulings (ethnicity / survey / regional+immigrant)"
cu,CUB,Cuba,C,10.98,drawn,yes,none,2012,,,none,http://redatam.onei.gob.cu/,"scout 2026-10-05 (coverage/scout_2026-10-05.md): 2012 census asked skin colour (blanco/negro/mestizo), no language. The next census (planned 2022) is still postponed, no date as of 2026. Stays ruling. | freed 2026-10-05 under AGENT_BRIEF §2 rulings (ethnicity / survey / regional+immigrant)"
pt,PRT,Portugal,C,10.69,drawn,yes,none,2021,,,none,https://www.ine.pt/,"scout 2026-10-05 (coverage/scout_2026-10-05.md): Censos 2021 has no language item. INE's ICOT 2023 survey (ages 18-74) asks home language until age 15 and now, published nationally as broad groups (486k spoke a non-Portuguese language at home until 15); a survey, not a census, so not buildable under the brief. Stays ruling. | freed 2026-10-05 under AGENT_BRIEF §2 rulings (ethnicity / survey / regional+immigrant)"
lb,LBN,Lebanon,C,5.81,drawn,yes,none,1932,,,none,,scout 2026-10-05 (coverage/scout_2026-10-05.md): No census since 1932. Nothing new searched beyond the sweep's survey leads. Stays ruling. | freed 2026-10-05 under AGENT_BRIEF §2 rulings (ethnicity / survey / regional+immigrant)
ps,PSE,Palestine,C,5.29,drawn,yes,none,2017,,,none,https://international.ipums.org/international/resources/enum_materials_pdf/enum_form_ps2017a.pdf,scout 2026-10-05 (coverage/scout_2026-10-05.md): 2017 census form has no language item (sweep checked). No newer census held (the 2027 round not yet). Stays ruling. | freed 2026-10-05 under AGENT_BRIEF §2 rulings (ethnicity / survey / regional+immigrant)
jm,JAM,Jamaica,C,2.84,drawn,yes,none,2011,,,none,https://redatam.statinja.gov.jm:8191,"scout 2026-10-05 (coverage/scout_2026-10-05.md): 2011 census asks ethnic origin and religion, no language (2011 General Report Vol 1). 2022 census questionnaire not found online; no report mentions a language table. Stays ruling. | freed 2026-10-05 under AGENT_BRIEF §2 rulings (ethnicity / survey / regional+immigrant)"
ls,LSO,Lesotho,C,2.34,drawn,yes,none,2016,,,none,,"scout 2026-10-05 (coverage/scout_2026-10-05.md): 2016 census scope (IHSN catalog 8293): demographics, disability, education, activity, fertility, deaths, housing; no language or ethnicity item. Stays ruling. | freed 2026-10-05 under AGENT_BRIEF §2 rulings (ethnicity / survey / regional+immigrant)"
sz,SWZ,Eswatini,C,1.24,drawn,yes,none,2017,,,none,https://en.wikipedia.org/wiki/Languages_of_Eswatini,"scout 2026-10-05 (coverage/scout_2026-10-05.md): 2007 questionnaire (unstats SWZ2007en.pdf) P15 asks literacy only: read/write/understand siSwati/English/Portuguese/French/other, 3+. 2017 Volume 3 (composition, religion, migration) has no language table. Literacy is not buildable. Stays ruling. | freed 2026-10-05 under AGENT_BRIEF §2 rulings (ethnicity / survey / regional+immigrant)"
km,COM,Comoros,C,0.87,drawn,yes,none,2017,,,none,https://en.wikipedia.org/wiki/Languages_of_the_Comoros,freed 2026-10-05 under AGENT_BRIEF §2 rulings (ethnicity / survey / regional+immigrant)
mv,MDV,Maldives,C,0.53,drawn,yes,none,2022,,,none,https://statisticsmaldives.gov.mv/,freed 2026-10-05 under AGENT_BRIEF §2 rulings (ethnicity / survey / regional+immigrant)
cv,CPV,Cape Verde,C,0.52,drawn,yes,unknown,2021,,,none,https://ine.cv,freed 2026-10-05 under AGENT_BRIEF §2 rulings (ethnicity / survey / regional+immigrant)
bs,BHS,Bahamas,C,0.4,drawn,yes,none,2022,,,none,,freed 2026-10-05 under AGENT_BRIEF §2 rulings (ethnicity / survey / regional+immigrant)
is,ISL,Iceland,C,0.39,drawn,yes,none,2021,,,none,https://statice.is/,freed 2026-10-05 under AGENT_BRIEF §2 rulings (ethnicity / survey / regional+immigrant)
bb,BRB,Barbados,C,0.28,drawn,yes,none,2021,,,none,,freed 2026-10-05 under AGENT_BRIEF §2 rulings (ethnicity / survey / regional+immigrant)
ws,WSM,Samoa,C,0.22,drawn,yes,unknown,2021,,,none,https://www.sbs.gov.ws/,freed 2026-10-05 under AGENT_BRIEF §2 rulings (ethnicity / survey / regional+immigrant)
ki,KIR,Kiribati,C,0.13,drawn,yes,ability_minority,2020,island (if tabulated); not seen,,pdf,https://nso.gov.ki/,freed 2026-10-05 under AGENT_BRIEF §2 rulings (ethnicity / survey / regional+immigrant)
gd,GRD,Grenada,C,0.12,drawn,yes,none,2011,,,none,,freed 2026-10-05 under AGENT_BRIEF §2 rulings (ethnicity / survey / regional+immigrant)
vc,VCT,Saint Vincent and the Grenadines,C,0.1,drawn,yes,none,2012,,,none,https://redatam.org/es/procesar-en-linea/caribe/san-vicente-y-las-granadinas,freed 2026-10-05 under AGENT_BRIEF §2 rulings (ethnicity / survey / regional+immigrant)
to,TON,Tonga,C,0.1,drawn,yes,unknown,2021,,,none,https://tongastats.gov.to/,freed 2026-10-05 under AGENT_BRIEF §2 rulings (ethnicity / survey / regional+immigrant)
ag,ATG,Antigua and Barbuda,C,0.09,drawn,yes,none,2011,,,none,https://redatam.org/es/procesar-en-linea/caribe/antigua-y-barbuda,freed 2026-10-05 under AGENT_BRIEF §2 rulings (ethnicity / survey / regional+immigrant)
ad,AND,Andorra,C,0.08,drawn,yes,none,,national only,,none,https://www.estadistica.ad/,freed 2026-10-05 under AGENT_BRIEF §2 rulings (ethnicity / survey / regional+immigrant)
dm,DMA,Dominica,C,0.07,drawn,yes,none,2011,,,none,,freed 2026-10-05 under AGENT_BRIEF §2 rulings (ethnicity / survey / regional+immigrant)
ky,CYM,Cayman Islands,C,0.07,drawn,yes,unknown,2021,,,,https://redatam.org/es/procesar-en-linea/caribe/islas-caiman,freed 2026-10-05 under AGENT_BRIEF §2 rulings (ethnicity / survey / regional+immigrant)
gl,GRL,Greenland,C,0.06,drawn,yes,none,,,,none,https://bank.stat.gl/,freed 2026-10-05 under AGENT_BRIEF §2 rulings (ethnicity / survey / regional+immigrant)
bm,BMU,Bermuda,C,0.06,drawn,yes,none,2016,,,none,,freed 2026-10-05 under AGENT_BRIEF §2 rulings (ethnicity / survey / regional+immigrant)
kn,KNA,Saint Kitts and Nevis,C,0.05,drawn,yes,none,2011,,,none,,freed 2026-10-05 under AGENT_BRIEF §2 rulings (ethnicity / survey / regional+immigrant)
tc,TCA,Turks and Caicos Islands,C,0.05,drawn,,none,2012,,,none,,freed 2026-10-05 under AGENT_BRIEF §2 rulings (ethnicity / survey / regional+immigrant)
vg,VGB,British Virgin Islands,C,0.04,drawn,yes,none,2010,,,none,,freed 2026-10-05 under AGENT_BRIEF §2 rulings (ethnicity / survey / regional+immigrant)
mh,MHL,Marshall Islands,C,0.04,drawn,yes,unknown,2021,,,none,https://www.spc.int/,freed 2026-10-05 under AGENT_BRIEF §2 rulings (ethnicity / survey / regional+immigrant)
mc,MCO,Monaco,C,0.04,drawn,,none,,,,none,https://www.monacostatistics.mc/,freed 2026-10-05 under AGENT_BRIEF §2 rulings (ethnicity / survey / regional+immigrant)
sm,SMR,San Marino,C,0.03,drawn,,none,,,,none,https://www.statistica.sm/,freed 2026-10-05 under AGENT_BRIEF §2 rulings (ethnicity / survey / regional+immigrant)
tv,TUV,Tuvalu,C,0.01,drawn,yes,unknown,2022,,,none,https://stats.gov.tv/,freed 2026-10-05 under AGENT_BRIEF §2 rulings (ethnicity / survey / regional+immigrant)
ms,MSR,Montserrat,C,0.0,drawn,yes,unknown,2018,,,,https://redatam.org/es/procesar-en-linea/caribe/montserrat,freed 2026-10-05 under AGENT_BRIEF §2 rulings (ethnicity / survey / regional+immigrant)
ai,AIA,Anguilla,C,0.0,drawn,yes,none,2011,,,none,,freed 2026-10-05 under AGENT_BRIEF §2 rulings (ethnicity / survey / regional+immigrant)
va,VAT,Vatican City,C,0.0,drawn,,none,,,,none,,freed 2026-10-05 under AGENT_BRIEF §2 rulings (ethnicity / survey / regional+immigrant)
cn,CHN,China,D,1408.97,drawn,yes,ethnicity_only,2020,"county (provincial 2020 census yearbooks, table 1-4: county x 56 nationalities; only ~16 provinces open); 2000 census county table for all provinces",2850,open_table,https://dataverse.harvard.edu/dataset.xhtml?persistentId=doi:10.7910/DVN/QPUONU,freed 2026-10-05 under AGENT_BRIEF §2 rulings (ethnicity / survey / regional+immigrant)
bd,BGD,Bangladesh,D,173.56,drawn,yes,ethnicity_only,2022,"union (district reports, ethnic population tables)",4500,pdf,https://bbs.gov.bd/site/page/2888a55d-d686-4736-bad0-54b70462afda/,
ph,PHL,Philippines,D,115.84,drawn,yes,ethnicity_only,2020,province / highly urbanised city (census tabulation tier),116,uscb_hdx,https://data.humdata.org/dataset/philippines-subnational-population-and-housing-data-tables,freed 2026-10-05 under AGENT_BRIEF §2 rulings (ethnicity / survey / regional+immigrant)
vn,VNM,Vietnam,D,100.99,drawn,yes,ethnicity_only,2019,province,63,pdf,https://www.gso.gov.vn/,freed 2026-10-05 under AGENT_BRIEF §2 rulings (ethnicity / survey / regional+immigrant)
ke,KEN,Kenya,D,56.43,drawn,yes,ethnicity_only,2019,national only,1,pdf,https://www.knbs.or.ke/wp-content/uploads/2023/09/2019-Kenya-population-and-Housing-Census-Volume-4-Distribution-of-Population-by-Socio-Economic-Characteristics.pdf,freed 2026-10-05 under AGENT_BRIEF §2 rulings (ethnicity / survey / regional+immigrant)
mm,MMR,Myanmar,D,54.5,drawn,yes,ethnicity_only,2018,"township (GAD 2018 Township Profiles, admin records, not census)",330,uscb_hdx,https://data.humdata.org/dataset/burma-subnational-boundaries-and-tabular-data,freed 2026-10-05 under AGENT_BRIEF §2 rulings (ethnicity / survey / regional+immigrant)
ug,UGA,Uganda,D,50.02,drawn,yes,ethnicity_only,2024,national only,1,pdf,https://www.ubos.org/uganda-bureau-of-statistics-2024-the-national-population-and-housing-census-2024-final-report-volume-i-main/,freed 2026-10-05 under AGENT_BRIEF §2 rulings (ethnicity / survey / regional+immigrant)
my,MYS,Malaysia,D,35.56,drawn,yes,ethnicity_only,2020,district (4 broad groups) and mukim; ~20 sub-ethnic groups at state only,160,open_table,https://open.dosm.gov.my/,freed 2026-10-05 under AGENT_BRIEF §2 rulings (ethnicity / survey / regional+immigrant)
gh,GHA,Ghana,D,34.43,drawn,yes,ethnicity_only,2021,region (Vol 3C); district not checked,16,pdf,https://census2021.statsghana.gov.gh/gssmain/fileUpload/reportthemelist/2021%20PHC%20General%20Report%20Vol%203C_Background%20Characteristics_181121.pdf,freed 2026-10-05 under AGENT_BRIEF §2 rulings (ethnicity / survey / regional+immigrant)
lk,LKA,Sri Lanka,D,21.92,drawn,yes,ethnicity_only,2024,Grama Niladhari division,14000,open_table,https://www.statistics.gov.lk/Population/StaticalInformation/CPH2024/,freed 2026-10-05 under AGENT_BRIEF §2 rulings (ethnicity / survey / regional+immigrant)
mw,MWI,Malawi,D,21.66,drawn,yes,ethnicity_only,2018,district (28 districts + 4 cities),32,pdf,https://malawi.unfpa.org/sites/default/files/resource-pdf/2018%20Malawi%20Population%20and%20Housing%20Census%20Main%20Report%20(1).pdf,freed 2026-10-05 under AGENT_BRIEF §2 rulings (ethnicity / survey / regional+immigrant)
kz,KAZ,Kazakhstan,D,20.59,drawn,yes,native_language,2021,national only (native language by nationality); ethnicity by settlement,6300,open_table,https://stat.gov.kz/ru/national/2021/,
bj,BEN,Benin,D,14.46,drawn,yes,ethnicity_only,2013,commune proportions via CLEAR Global (from IPUMS sample),77,open_table,https://data.humdata.org/dataset/benin-languages,freed 2026-10-05 under AGENT_BRIEF §2 rulings (ethnicity / survey / regional+immigrant)
hn,HND,Honduras,D,10.83,drawn,yes,ethnicity_only,2013,municipality; barrio/colonia in REDATAM,298,microdata_server,http://181.115.7.199/binhnd/RpWebEngine.exe/Portal?BASE=CPVHND2013NAC,freed 2026-10-05 under AGENT_BRIEF §2 rulings (ethnicity / survey / regional+immigrant)
tg,TGO,Togo,D,8.41,drawn,yes,ethnicity_only,2010,unknown,,none,https://international.ipums.org/international-action/variables/ETHNICTG,freed 2026-10-05 under AGENT_BRIEF §2 rulings (ethnicity / survey / regional+immigrant)
la,LAO,Laos,D,7.77,drawn,yes,ethnicity_only,2015,"village (Decide/K4D ArcGIS server, 10 ethno-linguistic categories as % of village population)",8499,open_table,https://gis.cde.unibe.ch/gis/rest/services/Decide?f=json,freed 2026-10-05 under AGENT_BRIEF §2 rulings (ethnicity / survey / regional+immigrant)
lr,LBR,Liberia,D,5.61,drawn,yes,ethnicity_only,2022,county,15,none,https://lisgis.gov.lr/censuses.php,freed 2026-10-05 under AGENT_BRIEF §2 rulings (ethnicity / survey / regional+immigrant)
pa,PAN,Panama,D,4.52,drawn,yes,ethnicity_only,2023,corregimiento; lugar poblado and barrio in REDATAM,700,microdata_server,https://www.inec.gob.pa/panbin/RpWebEngine.exe/Portal?BASE=LP2023&lang=esp,freed 2026-10-05 under AGENT_BRIEF §2 rulings (ethnicity / survey / regional+immigrant)
mn,MNG,Mongolia,D,3.52,drawn,yes,ethnicity_only,2020,aimag (21 + Ulaanbaatar); soum tables likely in aimag reports,22,pdf,https://www.1212.mn/,freed 2026-10-05 under AGENT_BRIEF §2 rulings (ethnicity / survey / regional+immigrant)
uy,URY,Uruguay,D,3.39,drawn,yes,ethnicity_only,2011,census segment,,microdata_server,https://prod.redatam.org/binury/RpWebEngine.exe/Portal?BASE=CPV2011,freed 2026-10-05 under AGENT_BRIEF §2 rulings (ethnicity / survey / regional+immigrant)
gm,GMB,Gambia,D,2.76,drawn,yes,ethnicity_only,2013,,8,none,https://data.humdata.org/dataset/gambia-languages,freed 2026-10-05 under AGENT_BRIEF §2 rulings (ethnicity / survey / regional+immigrant)
tt,TTO,Trinidad and Tobago,D,1.37,drawn,yes,ethnicity_only,2011,municipality,15,microdata_server,https://prod.redatam.org/bintto/RpWebEngine.exe/Portal?BASE=PHC2011,freed 2026-10-05 under AGENT_BRIEF §2 rulings (ethnicity / survey / regional+immigrant)
fj,FJI,Fiji,D,0.93,drawn,yes,ethnicity_only,2017,province / tikina,14,pdf,https://www.statsfiji.gov.fj/,freed 2026-10-05 under AGENT_BRIEF §2 rulings (ethnicity / survey / regional+immigrant)
gy,GUY,Guyana,D,0.83,drawn,yes,ethnicity_only,2012,region,10,pdf,https://statisticsguyana.gov.gy/,freed 2026-10-05 under AGENT_BRIEF §2 rulings (ethnicity / survey / regional+immigrant)
lc,LCA,Saint Lucia,D,0.18,drawn,yes,ethnicity_only,2022,district,11,microdata_server,https://prod.redatam.org/binlca/RpWebEngine.exe/Portal?BASE=PHC2022,freed 2026-10-05 under AGENT_BRIEF §2 rulings (ethnicity / survey / regional+immigrant)
fm,FSM,Federated States of Micronesia,D,0.11,drawn,yes,unknown,2010,state (ethnicity table B08),4,open_table,https://www.fsmstats.fm/,freed 2026-10-05 under AGENT_BRIEF §2 rulings (ethnicity / survey / regional+immigrant)
nr,NRU,Nauru,D,0.01,drawn,yes,ethnicity_only,2021,district (Table I-1),14,open_table,https://nbs.gov.nr/,freed 2026-10-05 under AGENT_BRIEF §2 rulings (ethnicity / survey / regional+immigrant)
ng,NGA,Nigeria,E,232.68,drawn,yes,none,2006,,,none,https://data.humdata.org/dataset/nigeria-subnational-boundaries-and-tabular-data,freed 2026-10-05 under AGENT_BRIEF §2 rulings (ethnicity / survey / regional+immigrant)
cd,COD,DR Congo,E,109.28,drawn,yes,none,1984,,,none,https://data.humdata.org/dataset/drc-languages,freed 2026-10-05 under AGENT_BRIEF §2 rulings (ethnicity / survey / regional+immigrant)
ir,IRN,Iran,E,91.57,drawn,yes,none,2016,,31,none,https://en.wikipedia.org/wiki/Languages_of_Iran,freed 2026-10-05 under AGENT_BRIEF §2 rulings (ethnicity / survey / regional+immigrant)
tr,TUR,Turkey,E,85.52,drawn,yes,none,2021,,,none,https://en.wikipedia.org/wiki/1965_Turkish_census,freed 2026-10-05 under AGENT_BRIEF §2 rulings (ethnicity / survey / regional+immigrant)
tz,TZA,Tanzania,E,68.56,drawn,yes,none,2022,,,none,,freed 2026-10-05 under AGENT_BRIEF §2 rulings (ethnicity / survey / regional+immigrant)
fr,FRA,France,E,68.55,drawn,yes,none,,,,none,https://www.insee.fr/,freed 2026-10-05 under AGENT_BRIEF §2 rulings (ethnicity / survey / regional+immigrant)
it,ITA,Italy,E,58.95,drawn,yes,none,2021,,,none,https://astat.provinz.bz.it/,freed 2026-10-05 under AGENT_BRIEF §2 rulings (ethnicity / survey / regional+immigrant)
sd,SDN,Sudan,E,50.45,drawn,yes,none,2008,,,none,https://en.wikipedia.org/wiki/Languages_of_Sudan,freed 2026-10-05 under AGENT_BRIEF §2 rulings (ethnicity / survey / regional+immigrant)
es,ESP,Spain,E,48.85,drawn,yes,none,2021,,,none,https://www.eustat.eus/,freed 2026-10-05 under AGENT_BRIEF §2 rulings (ethnicity / survey / regional+immigrant)
dz,DZA,Algeria,E,46.81,drawn,yes,none,2008,,,none,https://www.persee.fr/doc/tigr_0048-7163_1994_num_85_1_1308,freed 2026-10-05 under AGENT_BRIEF §2 rulings (ethnicity / survey / regional+immigrant)
iq,IRQ,Iraq,E,46.04,drawn,yes,none,2024,,,none,https://international.ipums.org/international-action/variables/LANGIQ,freed 2026-10-05 under AGENT_BRIEF §2 rulings (ethnicity / survey / regional+immigrant)
af,AFG,Afghanistan,E,42.65,drawn,yes,none,1979,,34,none,https://asiafoundation.org/,"2026-10-05 edd42a8c-af: searched, not drawn. Asia Foundation SAP microdata withdrawn from ADA by Oct 2021 for respondents' safety; no open province language table (DHS, ALCS, REACH WoAA gated; CLEAR national only; SDES literacy only). Only open option is a c.2006 village-majority proxy: ask 017. sources/af.md"
sa,SAU,Saudi Arabia,E,35.3,drawn,yes,none,2022,,,none,https://gulfmigration.grc.net/saudi-arabia-non-saudi-population-by-country-of-citizenship-and-sex-selected-countries-2022/,freed 2026-10-05 under AGENT_BRIEF §2 rulings (ethnicity / survey / regional+immigrant)
cm,CMR,Cameroon,E,29.12,drawn,yes,none,2005,,,none,https://data.humdata.org/dataset/cameroon-languages,freed 2026-10-05 under AGENT_BRIEF §2 rulings (ethnicity / survey / regional+immigrant)
ne,NER,Niger,E,27.03,drawn,yes,unknown,2012,,,none,https://stat-niger.org/wp-content/uploads/2020/05/ETAT_STRUCTURE_POPULATION.pdf,freed 2026-10-05 under AGENT_BRIEF §2 rulings (ethnicity / survey / regional+immigrant)
sy,SYR,Syria,E,24.67,drawn,yes,none,2004,,,none,,freed 2026-10-05 under AGENT_BRIEF §2 rulings (ethnicity / survey / regional+immigrant)
td,TCD,Chad,E,20.3,drawn,yes,languages_spoken,2009,microdata only (sub-prefecture),,gated,https://anad.inseed.td/index.php/catalog/26/data-dictionary/F1,freed 2026-10-05 under AGENT_BRIEF §2 rulings (ethnicity / survey / regional+immigrant)
nl,NLD,Netherlands,E,17.99,drawn,yes,none,,,,none,https://www.cbs.nl/,freed 2026-10-05 under AGENT_BRIEF §2 rulings (ethnicity / survey / regional+immigrant)
zw,ZWE,Zimbabwe,E,16.63,drawn,yes,none,2022,,,none,https://en.wikipedia.org/wiki/Languages_of_Zimbabwe,freed 2026-10-05 under AGENT_BRIEF §2 rulings (ethnicity / survey / regional+immigrant)
ss,SSD,South Sudan,E,11.94,drawn,yes,none,2008,,,none,https://data.humdata.org/dataset/south-sudan-subnational-boundaries-and-tabular-data,freed 2026-10-05 under AGENT_BRIEF §2 rulings (ethnicity / survey / regional+immigrant)
be,BEL,Belgium,E,11.86,drawn,yes,none,,,,none,https://statbel.fgov.be/,freed 2026-10-05 under AGENT_BRIEF §2 rulings (ethnicity / survey / regional+immigrant)
ae,ARE,United Arab Emirates,E,10.99,drawn,yes,none,2005,,,none,https://gulfmigration.grc.net/category/database_demoeco/,freed 2026-10-05 under AGENT_BRIEF §2 rulings (ethnicity / survey / regional+immigrant)
pg,PNG,Papua New Guinea,E,10.58,drawn,yes,none,2011,province/district (literacy by language only),22,pdf,https://www.nso.gov.pg/,freed 2026-10-05 under AGENT_BRIEF §2 rulings (ethnicity / survey / regional+immigrant)
se,SWE,Sweden,E,10.57,drawn,yes,none,,,,none,https://www.scb.se/,freed 2026-10-05 under AGENT_BRIEF §2 rulings (ethnicity / survey / regional+immigrant)
gr,GRC,Greece,E,10.41,drawn,yes,none,2021,,,none,https://www.statistics.gr/,freed 2026-10-05 under AGENT_BRIEF §2 rulings (ethnicity / survey / regional+immigrant)
il,ISR,Israel,E,10.0,drawn,yes,main_language,1983,"microdata only (IPUMS 10% sample, gated); published tables not checked",,gated,https://international.ipums.org/international-action/variables/LANGIL1,freed 2026-10-05 under AGENT_BRIEF §2 rulings (ethnicity / survey / regional+immigrant)
ly,LBY,Libya,E,7.38,drawn,yes,none,2006,,,none,,freed 2026-10-05 under AGENT_BRIEF §2 rulings (ethnicity / survey / regional+immigrant)
cg,COG,Republic of the Congo,E,6.33,drawn,yes,unknown,2007,,,none,,freed 2026-10-05 under AGENT_BRIEF §2 rulings (ethnicity / survey / regional+immigrant)
dk,DNK,Denmark,E,5.98,drawn,yes,none,,,,none,https://www.dst.dk/,freed 2026-10-05 under AGENT_BRIEF §2 rulings (ethnicity / survey / regional+immigrant)
no,NOR,Norway,E,5.57,drawn,yes,none,,,,none,https://www.ssb.no/,freed 2026-10-05 under AGENT_BRIEF §2 rulings (ethnicity / survey / regional+immigrant)
om,OMN,Oman,E,5.28,drawn,yes,none,2020,,,none,https://gulfmigration.grc.net/oman-population-by-nationality-omani-non-omani-governorate-and-wilaya-administrative-region-of-residence-2021-2023/,freed 2026-10-05 under AGENT_BRIEF §2 rulings (ethnicity / survey / regional+immigrant)
mr,MRT,Mauritania,E,5.17,drawn,yes,mother_tongue,2013,unpublished (national shares only in secondary sources),1,none,https://fr.wikipedia.org/wiki/Langues_en_Mauritanie,freed 2026-10-05 under AGENT_BRIEF §2 rulings (ethnicity / survey / regional+immigrant)
kw,KWT,Kuwait,E,4.9,drawn,yes,none,,,,none,https://gulfmigration.grc.net/kuwait-population-nationality-kuwaitinon-kuwaiti-sex-administrative-region-governorate-residence-december-2015/,freed 2026-10-05 under AGENT_BRIEF §2 rulings (ethnicity / survey / regional+immigrant)
er,ERI,Eritrea,E,3.54,drawn,yes,none,,,,none,https://en.wikipedia.org/wiki/Languages_of_Eritrea,freed 2026-10-05 under AGENT_BRIEF §2 rulings (ethnicity / survey / regional+immigrant)
qa,QAT,Qatar,E,2.86,drawn,yes,none,2020,,,none,https://gulfmigration.grc.net/category/database_demoeco/,freed 2026-10-05 under AGENT_BRIEF §2 rulings (ethnicity / survey / regional+immigrant)
ga,GAB,Gabon,E,2.54,drawn,yes,unknown,2013,,,none,,freed 2026-10-05 under AGENT_BRIEF §2 rulings (ethnicity / survey / regional+immigrant)
gq,GNQ,Equatorial Guinea,E,1.89,drawn,yes,unknown,2015,,,none,,freed 2026-10-05 under AGENT_BRIEF §2 rulings (ethnicity / survey / regional+immigrant)
bh,BHR,Bahrain,E,1.59,drawn,yes,none,2020,,,none,https://gulfmigration.grc.net/population-by-governorate-nationality-and-sex-2010/,freed 2026-10-05 under AGENT_BRIEF §2 rulings (ethnicity / survey / regional+immigrant)
dj,DJI,Djibouti,E,1.17,drawn,yes,unknown,2009,,,none,,freed 2026-10-05 under AGENT_BRIEF §2 rulings (ethnicity / survey / regional+immigrant)
bt,BTN,Bhutan,E,0.79,drawn,yes,none,2017,,,none,https://www.nsb.gov.bt/,freed 2026-10-05 under AGENT_BRIEF §2 rulings (ethnicity / survey / regional+immigrant)
tw,TWN,Taiwan,B,23.4,drawn,,home_language,2020,township/district (county reports t006/t007 on stat.gov.tw),368,open_table,https://segis.moi.gov.tw/STATCloud/QueryInterfaceView?COL=bDhjBLjaYkG6VIk7ahD1kA%3D%3D&MCOL=dR9iGyjNqInFlqyg96HAdg%3D%3D,built as tw (cn-tw was Natural Earth's code; countries.py and religiondots use tw)
xs,,,,,drawn,,,,,,,,
