cbsa,name,n_bg,pop,radius_km,cent_lat,cent_lon,center_lat,center_lon,bearing,compass,strength,r2,radial,r2_polar,bearing_polar,peak_dx,peak_dy,core
35620,"New York-Newark-Jersey City, NY-NJ",10621,14743743.0,50.0,40.72411581921362,-73.9540295107893,40.72639700781377,-73.95447898293502,19.688472182075603,NNE,0.03519412708651093,0.0032789194220531614,0.22511662307947214,0.03464886962268654,305.17100966491574,-0.037665581340540655,0.25224014827318086,rich suburbs
31080,"Los Angeles-Long Beach-Anaheim, CA",7268,11139853.0,50.0,33.98729391234139,-118.15099798688378,34.04549800781377,-118.29167832849662,136.61591152111785,SE,0.0666409688320911,0.024082281600019906,0.5420986244072258,0.15144066969210312,286.7500709266449,-12.898095698108044,6.435859652762701,rich suburbs
16980,"Chicago-Naperville-Elgin, IL-IN",5292,7452103.0,50.0,41.86202936439244,-87.87508177288363,41.93200402912077,-87.69146700979546,296.70633339512153,WNW,0.17912560573637698,0.12993277600679998,0.13893307763500323,0.09542136261355305,340.4588863830174,15.120753738791436,7.737378577670064,rich suburbs
19100,"Dallas-Fort Worth-Arlington, TX",3648,6479282.0,50.0,32.863818542160615,-96.94587200707396,32.83252513849549,-96.77553106280455,356.1083039884831,N,0.18310294132804814,0.12785376833498496,0.16258075947594552,0.14371809808769942,0.7550648890311744,15.820932358241187,-3.460236816867777,rich suburbs
26420,"Houston-Pasadena-The Woodlands, TX",3280,5848643.0,50.0,29.79542855661774,-95.4359876146564,29.708879834518058,-95.51974417999928,278.0560022634244,W,0.10166460600423365,0.040672642068482645,0.4300198905862147,0.11937695350821231,246.9537587742209,-8.03700205644138,-9.57003839745007,rich suburbs
47900,"Washington-Arlington-Alexandria, DC-VA-MD-WV",3231,5276372.0,50.0,38.89720286498457,-77.21215517813391,38.92387872514335,-77.02666421095714,283.2381502853633,WNW,0.1866757700331566,0.10916817472411955,0.04414802267557236,0.15748061837480143,278.54296733450934,15.962767899541369,2.949656561196079,rich suburbs
37980,"Philadelphia-Camden-Wilmington, PA-NJ-DE-MD",3653,5249430.0,50.0,39.97688124869286,-75.24755418041204,39.96385885582506,-75.17941544620801,329.30428071053774,NNW,0.10728853527720755,0.034412322463725054,0.3944577550345843,0.1178122201965861,299.3570313293801,5.77361777925384,-1.4399380689645227,rich suburbs
12060,"Atlanta-Sandy Springs-Roswell, GA",3008,4698689.0,50.0,33.834432274435045,-84.33862276885415,33.78686342116591,-84.36934839078658,355.3666486126407,N,0.17979550503762615,0.14389217926993603,0.020817996142574284,0.15587454928416122,353.7091533959765,-2.8220959620266726,-5.259878381381036,rich suburbs
41860,"San Francisco-Oakland-Fremont, CA",2934,4411980.0,48.18977677834988,37.764429388036625,-122.20264485604237,37.763323421165914,-122.4323572163082,171.77115610870143,S,0.1361903199884847,0.0530578201956049,0.08193759187707012,0.037300111118209966,224.46324035798597,-20.079767927636404,-0.12229118076179901,rich suburbs
38060,"Phoenix-Mesa-Chandler, AZ",2702,4400519.0,50.0,33.455369790303166,-112.00794957404013,33.524648594461624,-112.16201217610238,68.87351721458613,ENE,0.08033231290776013,0.0197822120382809,0.5920746699381385,0.17535539472118078,333.269752886372,-14.212829939328579,7.660434491017433,rich suburbs
33100,"Miami-Fort Lauderdale-West Palm Beach, FL",2674,4231994.0,50.0,26.099573148484623,-80.23924141723698,25.78985961860835,-80.22363086927903,289.0356226111217,WNW,0.3228931621860225,0.06356456302656233,0.43642493223513407,0.09683460282548795,174.58200044992878,1.5501096719152656,-34.24626385253888,rich suburbs
14460,"Boston-Cambridge-Newton, MA-NH",2858,4037747.0,50.0,42.43458036879622,-71.1086273617122,42.35683455184763,-71.0975830830797,256.0309089788922,WSW,0.12877666133894664,0.033864491893294435,0.030956447119886828,0.058175142667517,268.8298140269684,0.9013119356372954,-8.596665963273203,rich suburbs
19820,"Detroit-Warren-Dearborn, MI",2970,3883653.0,50.0,42.50512452309161,-83.20471408405099,42.430715269177206,-83.18131511429111,321.1426783999579,NW,0.2610542511708043,0.17610457545363312,0.42905451732077277,0.3168292954930736,323.71349507916557,1.9074143448314018,-8.227728842331253,rich suburbs
42660,"Seattle-Tacoma-Bellevue, WA",2393,3519451.0,50.0,47.54375675733414,-122.26129292110228,47.649609615768625,-122.33488657950062,74.75041885902114,ENE,0.25463845519751815,0.13011038083836612,-0.2313031547012576,0.15323685149715782,81.4335597295538,-5.493062324850847,11.704573968535072,rich core
40140,"Riverside-San Bernardino-Ontario, CA",1865,3405424.0,50.0,33.982372994629365,-117.21871930065649,34.07400718110948,-117.64708846962554,231.09589392794075,SW,0.17100525261636562,0.0723925365195468,-0.012022755386032126,0.030792772843940774,234.9666127472158,-39.27674880402799,10.13235853585224,rich core
33460,"Minneapolis-St. Paul-Bloomington, MN-WI",2466,3202194.0,50.0,44.994790900776465,-93.26611536935445,44.96112542116592,-93.26365379431633,246.23542440424632,WSW,0.09252282405027623,0.02187444745781353,0.4470488012413696,0.1651018105555011,235.5887431226252,0.19248220385171777,-3.722526742456566,rich suburbs
41740,"San Diego-Chula Vista-Carlsbad, CA",1924,3072861.0,50.0,32.88752120306062,-117.11247454519888,32.73233920525621,-117.10210128388583,347.79396811355156,NNW,0.0812659862774591,0.03337809693065674,0.22949798395594034,0.09266573161869152,328.81006255452246,0.9631905669368237,-17.159094225225353,rich suburbs
45300,"Tampa-St. Petersburg-Clearwater, FL",1858,2923637.0,50.0,28.03342181360952,-82.52465355103463,27.805073335937923,-82.6908237442411,121.00846258216278,ESE,0.09028697989507782,0.02724048488387698,0.0882315411427266,0.024209122238196157,149.7766581246791,-16.218335411603803,-25.249404570059312,rich suburbs
19740,"Denver-Aurora-Centennial, CO",1888,2800799.0,44.08922019933104,39.703997357968476,-104.95216425703154,39.72399142116591,-104.97094609568234,191.41074230914577,SSW,0.1645647075936575,0.054875824585265964,0.40695513213476486,0.12041115851341155,200.75102905966685,-1.5977833812593403,2.2108235439935555,rich suburbs
12580,"Baltimore-Columbia-Towson, MD",1745,2588356.0,50.0,39.29499424834109,-76.62994323409896,39.31555772514334,-76.60083259514784,234.61263143426652,SW,0.1306304110534135,0.045656024526219086,0.6148536148594269,0.2548537360659605,245.11314394191174,2.491076724851709,2.273785883931872,rich suburbs
36740,"Orlando-Kissimmee-Sanford, FL",1130,2519060.0,50.0,28.546360318826867,-81.42839087152927,28.53614385582506,-81.31398732624794,41.263341722672926,NE,0.038107865798291195,0.00369685241789508,0.23525992763002654,0.0379447660615615,62.933751355886145,11.112199430643912,-1.1296751799618647,rich suburbs
38900,"Portland-Vancouver-Hillsboro, OR-WA",1550,2376297.0,50.0,45.51467251738559,-122.67757495336176,45.5128262904842,-122.61828371319635,265.18956156228967,W,0.10709733726846436,0.021416872425124134,0.11113606485578564,0.05584222916182746,255.36447466555097,4.594012284217925,-0.2041446933947384,rich suburbs
41180,"St. Louis, MO-IL",1688,2339085.0,50.0,38.652933215450766,-90.36834760653723,38.60055270383635,-90.28037988324952,259.82262687429574,W,0.16556859260898085,0.10435618228776777,0.3041519820948922,0.2157980944428205,247.0291130502099,7.5961954889674885,-5.7919226912526085,rich suburbs
41700,"San Antonio-New Braunfels, TX",1260,2303887.0,50.0,29.503726178882353,-98.49332373854331,29.48970157315463,-98.56097493409094,352.13653092116283,N,0.31701502401321463,0.19110022085216527,0.5839468284257232,0.3898725811971834,335.6985364200482,-6.510424267859243,-1.5507567537373532,rich suburbs
16740,"Charlotte-Concord-Gastonia, NC-SC",1275,2265844.0,50.0,35.24144833542834,-80.83320842647144,35.2101032691772,-80.80437994568604,135.26757061445005,SE,0.08517293701453711,0.021913841601947537,0.07977592376285951,0.04771067698552223,170.39860573356464,2.603466870283711,-3.4659493556529313,rich suburbs
40900,"Sacramento-Roseville-Folsom, CA",1379,2215811.0,50.0,38.629715493302356,-121.3323611778225,38.51078566122235,-121.45098575374969,79.52111653029965,E,0.1419762928576659,0.051412286450951306,0.4839330238389343,0.14381093431998515,167.54130307238484,-10.246797423424411,-13.150547252414441,rich suburbs
29820,"Las Vegas-Henderson-North Las Vegas, NV",1213,2147632.0,29.406130033065217,36.140192262063145,-115.1520329492234,36.157018791904065,-115.0999841159995,236.70020600814308,WSW,0.37607532958964507,0.08869522596689927,0.9723670290564053,0.3317180256526323,92.61860043556355,4.647802041685139,1.8605767106295552,rich suburbs
17140,"Cincinnati, OH-KY-IN",1420,2042185.0,50.0,39.19221423881905,-84.46432738102567,39.123458269177206,-84.50861607603986,81.4937285744234,E,0.10587930847555349,0.02796295742166388,0.3782001186579973,0.11910999472358663,117.26568509940938,-3.7954617847292127,-7.602622587177024,rich suburbs
38300,"Pittsburgh, PA",1630,2040211.0,50.0,40.46007777696351,-79.94079409320429,40.442171573154624,-79.94551749169935,294.5148517786883,WNW,0.09992065517811527,0.035729407191191886,0.11296160190009474,0.046537705510036775,306.0822968661286,-0.3973849266327534,-1.97996057996329,rich suburbs
12420,"Austin-Round Rock-San Marcos, TX",1116,2036826.0,50.0,30.33489480998376,-97.74137295397064,30.324928290484202,-97.71881291327905,295.31983369314133,WNW,0.27386488207403703,0.12691510919064675,0.16390328386008718,0.1596731968940539,290.7706994375161,2.153019865789183,-1.1020379271441527,rich suburbs
28140,"Kansas City, MO-KS",1570,1993024.0,50.0,39.02577828596254,-94.57413650965456,39.02308813849549,-94.60171071241713,229.48987550041932,SW,0.13486063691294925,0.049991421837439876,0.3369771340177182,0.17341971781572685,224.21554815329463,-2.368646649676343,-0.2974603660218662,rich suburbs
18140,"Columbus, OH",1301,1928459.0,50.0,40.00800640985267,-82.922921968499,40.02447300781377,-82.99820755837757,349.39019267105107,N,0.182506761204877,0.0812951136617106,0.31656164812630727,0.19363063887929644,330.7962793306326,-6.376287847936219,1.8207776029506633,rich suburbs
41940,"San Jose-Sunnyvale-Santa Clara, CA",1139,1898896.0,50.0,37.299875629677366,-121.89465457833316,37.32785239985891,-121.8683667317158,238.37083699061185,WSW,0.506747588006352,0.12206277814471977,0.44835888005596464,0.17967412307052533,263.8408554697205,2.312248234865514,3.0935033860545715,rich suburbs
17410,"Cleveland, OH",1493,1897951.0,50.0,41.4550597744696,-81.65600120291907,41.441543573154625,-81.74594358248697,155.06593200687894,SSE,0.20064536325968022,0.05147735951902788,0.3907659648501553,0.1553156214509689,190.8615900948689,-7.4537474165354425,-1.4945404442020944,rich suburbs
41980,"San Juan-Bayamón-Caguas, PR",1388,1875390.0,47.05546830258945,18.327458354389144,-66.09417594332662,18.400015421165914,-66.04435383241227,20.5747994385545,NNE,0.16727253075318937,0.0343955773286827,-0.29847321213351363,0.05647260623024375,195.6640023826813,5.229583941909937,8.022925101774767,rich core
26900,"Indianapolis-Carmel-Greenwood, IN",1226,1869031.0,50.0,39.817290899215514,-86.11773680348746,39.78682513849549,-86.12766785104452,327.066381854941,NNW,0.13123111521981995,0.03830465387694959,0.47192985745238153,0.14256637629467284,336.78700331034605,-0.8434519967321492,-3.368721025856587,rich suburbs
34980,"Nashville-Davidson--Murfreesboro--Franklin, TN",922,1667804.0,50.0,36.089086909495414,-86.68443940033215,36.14912887713206,-86.78613713073015,218.49074160108947,SW,0.13181170574250967,0.06055925057665468,0.1911311798789741,0.11294518764466721,225.63270371549092,-9.08720892114529,6.639080529453956,rich suburbs
47260,"Virginia Beach-Chesapeake-Norfolk, VA-NC",1090,1555965.0,50.0,36.915376899404954,-76.32727685345085,36.817686117188494,-76.14348887533308,164.69666282101468,SSE,0.10626132403503155,0.03633770775135581,0.2127118440919282,0.14271664501179204,143.98613980101683,16.24805380385041,-10.80206055280307,rich suburbs
39300,"Providence-Warwick, RI-MA",1056,1526281.0,45.95222793000709,41.766601798021014,-71.33081177515852,41.829262725143344,-71.4184032405252,282.892475772711,WNW,0.060419369110679834,0.009940934903961751,0.2287246538162701,0.037365725184707155,309.0107535444272,-7.223949336863363,6.928669355624194,rich suburbs
33340,"Milwaukee-Waukesha, WI",1215,1467705.0,40.81911652133445,43.07755270297202,-88.05631388912221,43.03429620525621,-87.95815901901005,268.76171185434,W,0.32097713289856156,0.1566193116346798,0.5689496944185088,0.3130618978262041,242.29646498913883,7.927630932006309,-4.783043978428189,rich suburbs
27260,"Jacksonville, FL",773,1429161.0,50.0,30.23337701662183,-81.6202192470635,30.302965311791198,-81.56106090272712,126.78772589551312,SE,0.21221573873413616,0.10944242115069869,0.4123172492626763,0.28503194285783595,115.30868106173116,5.651627611551298,7.694656150057696,rich suburbs
39580,"Raleigh-Cary, NC",720,1327795.0,46.76946524664016,35.77503731197931,-78.62862382335615,35.8212242904842,-78.63126029403067,286.7911059028292,WNW,0.2866624121120219,0.1674332487664889,0.3371276339849175,0.21247441566455982,302.580772845245,-0.2365197419102003,5.107078961199733,rich suburbs
36420,"Oklahoma City, OK",1041,1277143.0,50.0,35.45739152185202,-97.52405306117463,35.4056892691772,-97.53967142133982,354.66468868878417,N,0.07345735280268553,0.015411399092978395,0.5408418771560592,0.15872432012422033,219.67438294252162,-1.4067103277419903,-5.716924887265002,rich suburbs
31140,"Louisville/Jefferson County, KY-IN",920,1245619.0,50.0,38.21129343447508,-85.68030919550334,38.20907913849549,-85.6536437001597,55.44021148754851,NE,0.22726133755502062,0.11457553863719627,0.1622749460225959,0.2465205052878311,63.05912190027836,2.316747839169828,-0.24484356364767734,rich suburbs
40060,"Richmond, VA",806,1213727.0,50.0,37.498115956768864,-77.4903938020852,37.55373759446162,-77.46094696705558,298.392672454761,WNW,0.20565784608956073,0.092744610587707,0.35493756612941535,0.23523249814588543,308.4259294057825,2.5832667615834737,6.150306966239299,rich suburbs
41620,"Salt Lake City-Murray, UT",712,1200829.0,31.81207780133275,40.63421958374907,-111.95402122671229,40.65496248792664,-111.96324904636712,167.52752035397847,SSE,0.5097565412891509,0.1882975791235142,0.2988009238439345,0.22850911834192555,187.96213731527723,-0.7743310190164152,2.2936258865304744,rich suburbs
32820,"Memphis, TN-MS-AR",811,1199640.0,50.0,35.0968835996604,-89.87612896256111,35.061010703836345,-89.85852443570404,100.8567836599004,E,0.3468811342660783,0.1947550378345696,0.13144875805546336,0.3072724883081329,96.52286057991704,1.5926735340524019,-3.966609582849358,rich suburbs
15380,"Buffalo-Cheektowaga, NY",871,1055341.0,40.26197006159476,42.93671630006534,-78.80047746621369,42.93284383451806,-78.83090936401713,91.09849395565524,E,0.34172297324177153,0.09255658270471967,0.359751233544714,0.1704378311909862,66.5839476556203,-2.4635213871533104,-0.42819400542499864,rich suburbs
24340,"Grand Rapids-Wyoming-Kentwood, MI",654,1037734.0,50.0,42.9486405649046,-85.65390342624922,42.94016370383635,-85.66107989248124,243.38794451683214,WSW,0.032949159955301136,0.004192003036405767,0.22370631813656036,0.046005413403070294,100.16418592714109,-0.5808364065996656,-0.9373204357611868,rich suburbs
23420,"Fresno, CA",610,1010687.0,50.0,36.78577731306858,-119.80035211260285,36.782907834518056,-119.7716123314788,35.77852860746506,NE,0.30404015446768434,0.08638724527881891,0.24911621415577895,0.21712837972423316,27.598889077152133,2.545094712596814,-0.3172897212453023,rich suburbs
46060,"Tucson, AZ",657,972390.0,40.56983363878322,32.21800616015712,-110.956980219706,32.239548986506776,-110.92938016296435,43.3222271614314,NE,0.1456900855474343,0.022532434381342892,0.7137235587786241,0.3303586311019229,39.30053558392968,2.5819422858143,2.382076480787113,rich suburbs
46520,"Urban Honolulu, HI",695,958337.0,30.53178205643596,21.371395761676002,-157.91650981339367,21.30972944531264,-157.83882021668774,49.65060396587643,NE,0.16074533714436567,0.018340314852493544,0.2439474062180072,0.1439294942475966,53.7259418054657,7.999751779318572,-6.818691265562141,rich suburbs
13820,"Birmingham, AL",723,953367.0,50.0,33.493201791709524,-86.77468345622299,33.48500342116591,-86.79243777548699,131.6950758607849,SE,0.189215340780938,0.07496390613811554,-0.018054258003453345,0.2383359736297449,131.81247388141983,-1.6371849279134167,-0.9065266244890111,rich core
40380,"Rochester, NY",716,945637.0,50.0,43.11222425214637,-77.56867140876254,43.16568944247292,-77.59873797461972,130.99665989791447,SE,0.06457658742749736,0.010986648662018816,0.3536990757947354,0.16667627790459194,98.52197150760469,-2.426998523791653,5.911859955167735,rich suburbs
36540,"Omaha, NE-IA",759,922451.0,49.3953699353577,41.239514564115574,-96.04291543517277,41.256601573154626,-95.98571540500151,251.58325666807548,WSW,0.3423660873724916,0.1550502393104829,0.4516408767334088,0.3265461550985055,251.9067099316595,4.756026682270907,1.8893789374844587,rich suburbs
46140,"Tulsa, OK",660,915248.0,50.0,36.105809496456395,-95.91239388449593,36.09183498650677,-95.89871716586057,130.6294583886746,SE,0.1707132753382687,0.04254433398468083,0.28845537776339775,0.1551543720299453,160.26296313560823,1.2218242538454547,-1.5452174631697133,rich suburbs
35380,"New Orleans-Metairie, LA",766,867823.0,50.0,29.959184444650976,-90.14236577446243,29.962763095881492,-90.09557001632658,224.31457803986055,SW,0.23532640487074066,0.04016492286483575,0.012791364093746344,0.06867404241144892,253.40368082945258,4.482998685468409,0.3957057811630733,rich suburbs
24860,"Greenville-Anderson-Greer, SC",528,859635.0,50.0,34.753933982863806,-82.42101179209293,34.864691181109485,-82.38025231941273,66.17504723913348,ENE,0.15564566474271424,0.08544381750706298,0.04876578052002174,0.15013360341327975,77.62897311845326,3.702935356836612,12.246866438817818,rich suburbs
10740,"Albuquerque, NM",535,835643.0,50.0,35.11716984733152,-106.62281637601093,35.11519442116592,-106.55240173540247,21.92863036472686,NNE,0.22774465802233018,0.08682628303044493,0.21668289327067353,0.22998042687907116,34.8541193247247,6.368795080696842,-0.2184307728349566,rich suburbs
28940,"Knoxville, TN",524,827109.0,50.0,35.963039549127394,-84.05655666895602,35.987668269177206,-83.93984622444508,207.33394755153998,SSW,0.1614986709962578,0.07743264627657453,0.2246750441914918,0.11023816981197809,232.7027653830463,10.445369196279302,2.723296090787862,rich suburbs
10900,"Allentown-Bethlehem-Easton, PA-NJ",570,808398.0,50.0,40.68040939027389,-75.39202258116482,40.61155177059707,-75.4651757225135,123.43497606322957,ESE,0.12409666779189932,0.026080937192942244,0.45960797316162294,0.16430018915611533,184.63525007256405,-6.1342270716369995,-7.613862438144764,rich suburbs
10580,"Albany-Schenectady-Troy, NY",613,808088.0,50.0,42.7914088644341,-73.8171554863643,42.66737079190407,-73.78322575181255,2.6405916779195664,N,0.05503265075066435,0.008246322362997383,0.2223527308890116,0.039173603568780635,232.09860760417607,2.753150616869739,-13.715385831936274,rich suburbs
49340,"Worcester, MA",525,803234.0,44.19107302814251,42.303354930290105,-71.80094525159979,42.267411226563205,-71.79957847057364,87.8593019260132,E,0.22461245559032078,0.07158464479401339,0.23405723399354256,0.1353124738858228,80.13497643785978,0.11177482072174882,-3.9744390958979494,rich suburbs
37100,"Oxnard-Thousand Oaks-Ventura, CA",444,800970.0,31.959344075200157,34.24286408499395,-119.02429679979058,34.194366597301354,-119.18079811226052,115.77778391846557,ESE,0.2498479062661481,0.14091946575679815,0.2090605408176181,0.14638491360263906,82.40076492882098,-14.305328749316487,-5.362561204120897,rich suburbs
35840,"North Port-Bradenton-Sarasota, FL",531,788911.0,42.653269062624595,27.334504945890775,-82.46593878355816,27.460399594461627,-82.57024443369484,71.95684162051468,ENE,0.38828124135731734,0.08767712744058609,0.39371651911769834,0.16948415259245675,49.03128388809295,-10.245673068798713,13.920674871073594,rich suburbs
21340,"El Paso, TX",500,769152.0,27.933361383129082,31.78508553289987,-106.36424854464838,31.76408492258578,-106.28987223846933,27.842149626889817,NNE,0.4323629635799403,0.07260190533055,0.12069294952377108,0.14701182597676832,55.2840134799769,6.990718186871874,-2.322121484870138,rich suburbs
19430,"Dayton-Kettering-Beavercreek, OH",573,756340.0,40.86886305788156,39.77987556915563,-84.16707343818608,39.72577961860836,-84.15036493403122,116.2908807844625,ESE,0.1483442697238947,0.029288376050253917,0.31816247534598063,0.16425148019993108,138.91246128373518,1.4198391843662854,-5.981605635814251,rich suburbs
12940,"Baton Rouge, LA",489,755506.0,50.0,30.4359860673297,-91.04878975252244,30.426674290484204,-91.07299657584703,112.05947079302338,ESE,0.12048926372614113,0.034937734214047556,0.07303754894099496,0.12376402294741917,136.35594283943288,-2.307791977251945,-1.0296404129141266,rich suburbs
16700,"Charleston-North Charleston, SC",413,746331.0,48.480487989971344,32.92841339329747,-80.0404922449556,32.97376742116592,-80.11041911599774,131.04036870061913,SE,0.19587326319504195,0.08460706663573281,0.30969112185004166,0.05836278516534088,190.3469648534291,-6.48993603422884,5.0149762775259745,rich suburbs
17900,"Columbia, SC",446,744071.0,50.0,34.043620930437434,-81.06354777479349,34.01058583451806,-81.01225014134502,322.55858899184955,NW,0.2760350972923615,0.1023865277106516,0.3077446480135717,0.08512074408364079,327.4429250244624,4.700037906341599,-3.6528226961886716,rich suburbs
14260,"Boise City, ID",467,734145.0,41.48948210827186,43.618169869530625,-116.415908527233,43.620794943892776,-116.29439251613724,103.78748806467742,ESE,0.1782674907886264,0.056732375983080785,-0.04994483036116522,0.002118489602276674,153.39195403197505,9.727404493355913,0.2902649725202693,rich core
32580,"McAllen-Edinburg-Mission, TX",462,722418.0,28.87142232849941,26.23761536495049,-98.18103468796805,26.240379335937924,-98.22392789164846,268.12911625661866,W,0.10891145850345399,0.017590178636950116,-0.3324916041920172,0.07567146433101524,349.16026379555655,-4.2542069314998585,0.3056233279646037,rich core
44700,"Stockton-Lodi, CA",455,719893.0,29.58300765674043,37.9237014854059,-121.3040885970292,38.001689682529346,-121.30609342943853,235.93730611564212,SW,0.3734779056925669,0.18764309135425872,0.4822942812371997,0.2712094891147324,278.3642449379963,-0.17486965863524873,8.623466908727917,rich suburbs
17820,"Colorado Springs, CO",455,719290.0,36.668314263780196,38.880230123277,-104.76322019985433,38.89160679190407,-104.7542310865975,23.93744584163439,NNE,0.5261138002741929,0.27205843052829204,0.421513016991347,0.4441645578706188,21.90526165248538,0.7737596032426879,1.257963756768806,rich suburbs
15980,"Cape Coral-Fort Myers, FL",516,711159.0,28.429079563583247,26.576946190819683,-81.85105654279248,26.61172709588149,-81.95984538442337,199.31236853097164,SSW,0.20815436712213653,0.042779210961681025,0.20535274487859728,0.048605358575410484,240.25415842689182,-10.758142024756388,3.8458637963043927,rich suburbs
24660,"Greensboro-High Point, NC",446,701511.0,50.0,36.045957375869904,-79.83673029503514,36.07069372514334,-79.82324115935751,310.5200995579079,NW,0.1205594274690737,0.02693124016684767,0.13330102539456443,0.12657128201612278,320.0569708971289,1.2059838242749024,2.7351970845609443,rich suburbs
30780,"Little Rock-North Little Rock-Conway, AR",440,688976.0,50.0,34.80805365932976,-92.34261035767072,34.75207783451806,-92.36080487478041,291.0658113252524,WNW,0.09573238431578006,0.01986044162877132,0.04841144237157003,0.09961556822351725,302.3051096857509,-1.6518598556687465,-6.189470852728363,rich suburbs
29460,"Lakeland-Winter Haven, FL",377,687567.0,37.6018426361702,28.04215822050093,-81.79060793391852,28.024628247870204,-81.94806612267097,330.27733840179,NNW,0.14507828095908423,0.02985161243136858,0.11955643129048119,0.025186253513159285,232.15539273279668,-15.36678935737001,-1.9383591936697186,rich suburbs
12540,"Bakersfield-Delano, CA",436,681796.0,50.0,35.36616054226034,-118.93592444643373,35.333462943892776,-119.04092556699807,222.64631642256643,SW,0.3811876465786678,0.09254323439465018,0.18882226347210015,0.2822891052261637,246.8944445933484,-9.467925395802958,-3.615504241894982,rich suburbs
19780,"Des Moines-West Des Moines, IA",421,663283.0,50.0,41.61022701824527,-93.66292509118614,41.60818213849549,-93.6679134947984,316.1088263855181,NW,0.1868072869071362,0.04796202610816258,0.4055419410306697,0.2551779065075671,301.943555262016,-0.4124108855668851,-0.2261105334519442,rich suburbs
10420,"Akron, OH",520,660541.0,33.438220054214895,41.132294165562705,-81.45614906389413,41.096314487926634,-81.50274495918622,337.40335927599756,NNW,0.38436387707400776,0.15240476911092748,0.5802101345834466,0.3194595474768658,328.0806062057463,-3.8806708826355987,-3.9784168749307227,rich suburbs
39340,"Provo-Orem-Lehi, UT",407,643854.0,34.09057100169421,40.2698650669641,-111.7536259571358,40.275573247870206,-111.68672621636883,296.72863438266296,WNW,0.2857304375065869,0.13162947530315083,0.5188940096204242,0.3140128746099822,16.22830702726572,5.644256967191204,0.6311763955117726,rich suburbs
19660,"Deltona-Daytona Beach-Ormond Beach, FL",378,636674.0,49.133922284855956,29.150560315695287,-81.14313798246606,29.17275639985892,-81.02919200417446,253.0750521526325,WSW,0.09563675664037069,0.01792384230801325,0.24195458425746552,0.07880388447294218,204.6126425433897,11.00364893014784,2.454309810309333,rich suburbs
49180,"Winston-Salem, NC",417,633742.0,48.47845252054552,36.051215491667875,-80.28732606673861,36.09747572514335,-80.28136779200561,266.3583497393618,W,0.05443516286009941,0.004894597087974573,-0.03763428879224383,0.04593885019950272,260.3242475630893,0.5326585169419005,5.1151790563165065,rich core
36260,"Ogden, UT",354,617167.0,29.08701470142078,41.1065714866166,-111.96924717008254,41.11417566122235,-112.0281580012698,193.8764100913681,SSW,0.17140685942588788,0.04912944594838087,0.26022534636698486,0.18258669074916578,228.953016079634,-4.90822547636539,0.8408240028558858,rich suburbs
45060,"Syracuse, NY",493,612589.0,50.0,43.11957948758056,-76.14609216467356,43.05430853054064,-76.13958071581403,176.48017205030547,S,0.04096320004079817,0.0044757327678009995,0.3160444732179321,0.10776124802561948,116.88687714568202,0.5255464646172996,-7.217270803732376,rich suburbs
28880,"Kiryas Joel-Poughkeepsie-Newburgh, NY",465,610963.0,50.0,41.52834289767496,-74.06867958784427,41.34032577059707,-74.16910454324649,144.24535476363502,SE,0.08222851411983083,0.007054254879296118,0.3169580278446997,0.09441515135830014,185.4683580361759,-8.313054836004781,-20.78980580951091,rich suburbs
48620,"Wichita, KS",470,609641.0,47.297818178465306,37.69077008712007,-97.31279140780089,37.67843313849549,-97.30917234900848,301.8583103648248,WNW,0.039172480295469436,0.0023659017227950496,0.4835538990017764,0.16711692365575415,61.32038616160499,0.31666635125566245,-1.3641457572145583,rich suburbs
31540,"Madison, WI",374,597302.0,50.0,43.08335707268962,-89.42913372574324,43.05754642116592,-89.43484964728566,263.0065552912806,W,0.09628218650589745,0.015300354261837956,0.23766899102873384,0.11173265078085526,249.1285975660934,-0.461611571361054,-2.853986981582125,rich suburbs
37340,"Palm Bay-Melbourne-Titusville, FL",352,575230.0,49.28669298205413,28.222379808971517,-80.69019627491998,28.032597205256206,-80.64923610075961,72.60308542404925,ENE,0.09243259277435012,0.001987151677244836,-0.012775572840460495,0.02965685338822921,310.349889530186,3.990701879467892,-20.985021623216753,rich core
45780,"Toledo, OH",540,560165.0,46.025702500472704,41.60032852387001,-83.65435213839963,41.66883287713206,-83.59891892267886,260.4449220533865,W,0.22301966875339083,0.06548095704083445,0.35870513016445,0.1932817206226235,290.0851865877002,4.583584418856361,7.574800357597695,rich suburbs
12260,"Augusta-Richmond County, GA-SC",366,558178.0,50.0,33.48492500022515,-82.02099555767425,33.48484713849549,-82.0702512414708,338.27754839302713,NNW,0.21953139136024052,0.07066092784800426,0.034529614732596595,0.2041858947326466,335.89764370907017,-4.542464821557168,-0.008609482895479914,rich suburbs
25420,"Harrisburg-Carlisle, PA",367,550687.0,50.0,40.270953929296276,-76.95512467450314,40.26962607457449,-76.85251220468632,160.2918975184064,SSE,0.09437142445655204,0.0087337420696455,0.13303906933388587,0.015672355078948597,19.472107244928864,8.657160947483568,-0.14682620800664026,rich suburbs
44060,"Spokane-Spokane Valley, WA",369,542675.0,50.0,47.72855164343871,-117.40390052494313,47.683268682529345,-117.40941943962221,74.95860289841181,ENE,0.17170833492917023,0.02944203452123806,0.3389240439992186,0.08630286831689904,14.287147582619172,-0.4104798856632428,-5.007118119592491,rich suburbs
20500,"Durham-Chapel Hill, NC",389,531267.0,50.0,35.98165480100391,-78.9910963518872,35.98282170383634,-78.90553536942087,194.42921612651466,SSW,0.128807886818754,0.03876676071555274,0.16014247127995743,0.07655927517697436,206.2666978842369,7.6557443508893,0.12902911379300974,rich suburbs
39900,"Reno, NV",389,525362.0,49.12746545840759,39.513525772961714,-119.74091242623874,39.53170996519978,-119.79765642653224,207.19274629964792,SSW,0.11257421573960719,0.015251382429392724,0.4576946952894217,0.16775629433730777,233.04329050517094,-4.8405475509378455,2.0106988725317123,rich suburbs
16860,"Chattanooga, TN-GA",380,521855.0,42.76997632440228,35.048314828704925,-85.24341425007805,35.01991383451806,-85.26164589155194,70.64509793704039,ENE,0.2860444457740468,0.12293128480289961,0.3247259687894583,0.1704175434768027,62.740324848588806,-1.6503902581384082,-3.1404115312185326,rich suburbs
29540,"Lancaster, PA",340,521685.0,30.992803637930873,40.07451473443926,-76.29194440171398,40.03988650923363,-76.31446834857086,5.521415667985869,N,0.09276898987700939,0.007710977164108845,0.11805290450872061,0.03516265516965578,325.4782830768602,-1.9057982384390293,-3.828981373887288,rich suburbs
42540,"Scranton--Wilkes-Barre, PA",439,520413.0,42.0689255600001,41.307022013145165,-75.81716494433893,41.419122159802484,-75.66103355505838,322.0485617512455,NW,0.15373704786773548,0.027025088813969256,0.1721309237627458,0.04334827256771023,14.732715847797639,12.968481717364568,12.395361616486682,rich suburbs
22220,"Fayetteville-Springdale-Rogers, AR",287,511828.0,41.45717606195735,36.22101301553485,-94.18988022466371,36.16870596519978,-94.13834637775972,346.9030462893275,NNW,0.18747010356665705,0.0864205911928645,0.19868458523943294,0.09824663211887008,331.64186952501063,4.597070265991505,-5.783799783750759,rich suburbs
33700,"Modesto, CA",306,509117.0,31.87374604989071,37.61809862837896,-120.95513335028154,37.653787378551925,-120.97596719461401,7.574432743091494,N,0.10340425147945878,0.009171566100631301,0.2762639289315766,0.09527636732397682,12.709520604469349,-1.824738909965614,3.9462478616252348,rich suburbs
27140,"Jackson, MS",356,500370.0,50.0,32.34618874466838,-90.12670172169797,32.369444725143346,-90.15535960777576,57.28321707708541,ENE,0.12659728907225865,0.03748454281605851,0.16175685307447793,0.1705694455401192,55.81055316074253,-2.677114258682465,2.571506785038345,rich suburbs
38860,"Portland-South Portland, ME",336,448723.0,50.0,43.63439806379086,-70.40573761762371,43.6665542904842,-70.28096204343872,89.00260177881074,E,0.095440940713757,0.028173346671775956,-0.013016531475842044,0.02766995937094141,28.233901737381913,9.985637621263237,3.5556426103890217,rich core
