# Xinjiang county census figures, from hongheiku.com's county pages (the panel has none). Built by xinjiang_counties.py.
# 2020 sums to xinjiang_prefectures_2020.csv (the official bulletin) exactly in every prefecture. 和布克赛尔 is derived; 伊宁市/奎屯市 2010 swapped back.
county_code,name_cn,pop_2020,pop_2010,page
650102,天山区,652792,696277,45788
650103,沙依巴克区,799539,664716,45790
650104,新市区,1011440,730307,45792
650105,水磨沟区,549576,390943,45794
650106,头屯河区,419022,172796,45076
650107,达坂城区,35540,40657,45074
650109,米东区,512870,333676,45078
650121,乌鲁木齐县,73590,83187,45080
650202,独山子区,84395,69361,45796
650203,克拉玛依区,337188,261445,45798
650204,白碱滩区,50825,50422,45800
650205,乌尔禾区,17940,9780,45802
650402,高昌区,317443,273385,45804
650421,鄯善县,242310,231297,45806
650422,托克逊县,134235,118221,45808
650502,伊州区,569388,472175,45810
650521,巴里坤哈萨克自治县,65531,75442,45812
650522,伊吾县,38464,24783,45814
652301,昌吉市,607441,426253,45817
652302,阜康市,181144,165006,45819
652323,呼图壁县,192638,210201,45821
652324,玛纳斯县,192098,237558,45823
652325,奇台县,219811,210566,45825
652327,吉木萨尔县,153197,113284,45827
652328,木垒哈萨克自治县,67256,65719,45829
652701,博乐市,246706,235585,45880
652702,阿拉山口市,11097,,45882
652722,精河县,125968,141593,45883
652723,温泉县,49696,66502,45885
652801,库尔勒市,779352,549324,45887
652822,轮台县,137327,116166,45890
652823,尉犁县,101866,96068,45893
652824,若羌县,43045,35580,45895
652825,且末县,69236,65572,45898
652826,焉耆回族自治县,122961,127628,45900
652827,和静县,147859,160804,45902
652828,和硕县,59299,72556,45904
652829,博湖县,48288,54788,45907
652901,阿克苏市,715319,535657,45909
652902,库车市,530328,462588,45913
652922,温宿县,266002,233933,45911
652924,沙雅县,278516,257502,45915
652925,新和县,194473,172064,45917
652926,拜城县,231113,229252,45919
652927,乌什县,205571,197990,45921
652928,阿瓦提县,242481,237562,45923
652929,柯坪县,50619,44261,45925
653001,阿图什市,290936,240368,45927
653022,阿克陶县,226005,199065,45929
653023,阿合奇县,44369,38876,45931
653024,乌恰县,60912,47261,45933
653101,喀什市,782662,506640,45936
653121,疏附县,263014,311960,45938
653122,疏勒县,355544,312455,45940
653123,英吉沙县,276641,262067,45942
653124,泽普县,214543,206936,45944
653125,莎车县,860800,762385,45946
653126,叶城县,525436,454328,45948
653127,麦盖提县,224154,258978,45950
653128,岳普湖县,162675,147688,45952
653129,伽师县,424821,381767,45954
653130,巴楚县,366141,336274,45956
653131,塔什库尔干塔吉克自治县,39946,37843,45958
653201,和田市,501028,322300,45960
653221,和田县,342603,269941,45962
653222,墨玉县,571648,500114,45964
653223,皮山县,281573,258210,45966
653224,洛浦县,286900,232916,45969
653225,策勒县,157792,147050,45971
653226,于田县,257038,249899,45973
653227,民丰县,42649,33932,45975
654002,伊宁市,778047,515082,45831
654003,奎屯市,229122,166261,45833
654004,霍尔果斯市,71466,,45835
654021,伊宁县,365307,372590,45836
654022,察布查尔锡伯自治县,157764,179744,45838
654023,霍城县,243303,352689,45840
654024,巩留县,175766,164860,45842
654025,新源县,306525,282718,45844
654026,昭苏县,146887,148187,45846
654027,特克斯县,148945,142718,45848
654028,尼勒克县,155737,157743,45850
654201,塔城市,158098,161037,45852
654202,乌苏市,262906,298907,45854
654221,额敏县,188642,187112,45856
654223,沙湾县,301046,365196,45858
654224,托里县,85451,93098,45860
654225,裕民县,50819,51919,45862
654226,和布克赛尔蒙古自治县,61785,,derived
654301,阿勒泰市,221454,190064,45866
654321,布尔津县,72894,66758,45868
654322,富蕴县,99748,87886,45870
654323,福海县,75537,81845,45872
654324,哈巴河县,82524,82507,45874
654325,青河县,61680,58858,45876
654326,吉木乃县,34336,35365,45878
659001,石河子市,498587,380130,9993
659002,阿拉尔市,328241,158593,9974
659003,图木舒克市,263245,135727,9975
659004,五家渠市,141065,96436,9987
659005,北屯市,20414,,9999
659006,铁门关市,104746,,9976
659007,双河市,54731,,9986
659008,可克达拉市,69524,,9985
659009,昆玉市,63487,,10003
659010,胡杨河市,29891,,9992
